image_link,group_id,entity_name,entity_value,easyocr
https://m.media-amazon.com/images/I/61+40BOJSQL.jpg,574059,depth,33.0 centimetre,A4 SIZE 23CM 33CM
https://m.media-amazon.com/images/I/516pgePFERL.jpg,573063,depth,7.1 inch,Product Size Planner Papes JUSTFOR YOU So ulanto TourFnnaet 5 9 0.3in ALways 8 0 5 BE A unicorn GIR= Gua 4.2in 3.8in
https://m.media-amazon.com/images/I/618UHY-K+pL.jpg,675317,depth,69.0 millimetre,LeapMars 4mm/I.IEin E9mm/2.Tin @IBkg/0.4lb 2Emm /0.98in  8
https://m.media-amazon.com/images/I/51DwjVJNNoL.jpg,329793,depth,21.0 centimetre,2lcm Ve
https://m.media-amazon.com/images/I/51T8JAr6VsL.jpg,734280,depth,28.5 centimetre,6 cm 28.5
https://m.media-amazon.com/images/I/612hPRJW3jL.jpg,881883,depth,108.0 inch,HOW TO MEASURE Pole Width Bracket] ANJEE FOR BETTER LIVING 84in Pole Width (suggestion) 95in 52in (wide) 108in 16-36in Please allow a slight deviation of 1 inch in case of measuring error Floor
https://m.media-amazon.com/images/I/61B-rTITDaL.jpg,961155,depth,2.5 inch,"Packing List Packing Box 2 2.5 Drive Enclosure User Manual EVA Foam Pad 5 Data Cable 52g8 23iu89 2.5 HARD _ INCH DRIVE - ENCLOSURE G2n52"" 2577 Geico TIATI#SirRED And Dritr  'cOlt Enclosu ~scies Us MIIUJ"
https://m.media-amazon.com/images/I/51oKtxFGL0L.jpg,966823,depth,10.0 inch,"5 IN 12,7 CM 10 IN 25,4 CM 4 IN 10,1 CM"
https://m.media-amazon.com/images/I/51SssIEHhVL.jpg,146860,depth,9.5 centimetre,9.5CM 2 17.SCM 13CM 30CM SCM 9CM 12.5CM 8CM
https://m.media-amazon.com/images/I/412hMOjbEmL.jpg,254590,depth,4.4 inch,Decora Fo3uN ALLUKINIO ALUMiNUX*u5 HQJXDE ALUKiniO 44 in 11 cm 841*J Rae
https://m.media-amazon.com/images/I/51o4gQkQ9aL.jpg,514726,depth,20.0 inch,"Size Chart in 14 in 20 Designed for 1 3x18 14*19, 12 * 16 (loose fit) toddler pillow or travel pillow"
https://m.media-amazon.com/images/I/51VS9HUBpBL.jpg,358831,depth,1.06 inch,"PRODUCT  SIZE 1.06"" 0.39"""
https://m.media-amazon.com/images/I/614fQWV4ciS.jpg,630869,depth,80.0 millimetre, 1 1 1 0 ! { 2 1 1 1Omm 20mm 30mm 40mm 5Omm 60mm 7Omm 80mm mm Inches
https://m.media-amazon.com/images/I/51CWmFleLGL.jpg,941818,depth,27.0 centimetre,DIMENSIONS Suitable For Most Toilet Paper Roll 10_ 3 .93in/1Ocm 3.93in/1Ocm 5. 5 62in/27cm 1in/13cm 1in/13cm
https://m.media-amazon.com/images/I/51VS9HUBpBL.jpg,358831,depth,1.06 inch,"PRODUCT  SIZE 1.06"" 0.39"""
https://m.media-amazon.com/images/I/61DiLVxBVbL.jpg,675317,depth,2.75 inch,"Door Thickness: 35 to 45 mm (1-3/8""t0 1-3/4"") Adjustable Latch with 2-3/8""or 2-3/4"" (60 or 7Omm) backset '(65mm) 2-5/8""( 4-7/10""(119mm)"
https://m.media-amazon.com/images/I/51N2V8Hem6L.jpg,156839,depth,19.0 centimetre,Icm/O 4inch 19cm/7. 4inch
https://m.media-amazon.com/images/I/41NRgWsF5EL.jpg,658892,depth,8.3 inch,II 85
https://m.media-amazon.com/images/I/614KSw47IvL.jpg,784538,depth,13.6 inch,"13.6 4.2"" 3.3"""
https://m.media-amazon.com/images/I/516fOC29j+L.jpg,881883,depth,71.37 inch,70 6 7 15.Sinches 4Ocm ) 71.37inches (181cm ) DIMENSIONS AFTER HANGING 34inches 86cm ) #Color may differ depending on which device you're viewing on_
https://m.media-amazon.com/images/I/51XTElvZ4PL.jpg,713791,depth,4.7 inch,4.7 in / 12 cm 3.1 in 8.0 cm
https://m.media-amazon.com/images/I/615szmmtuhL.jpg,784538,depth,24.0 inch,24inch sum I6inch
https://m.media-amazon.com/images/I/61AWQHsV+XS.jpg,483370,depth,8.0 inch,9 in 8 in
https://m.media-amazon.com/images/I/414i+KmnbTL.jpg,764618,depth,15.0 centimetre,5.9in] 15cm 11.8in/30cm
https://m.media-amazon.com/images/I/519LbAygXTL.jpg,323811,depth,105.0 millimetre,105mm 8 75mm 2 Omm
https://m.media-amazon.com/images/I/51QU6GSs88L.jpg,667819,depth,150.0 millimetre,60 50 70 80 90 10 20 30 40 STAINLESS STEEL 100. 150mm 150
https://m.media-amazon.com/images/I/41hVyZ-PKzL.jpg,681045,depth,150.0 millimetre,50mn 010mm -85mm 8 Imm 040mm 150mm 0]Omm -85mm- -8Smm -8 1mm -8 Imm 010mm 150mm 150mm -150mm 50mm
https://m.media-amazon.com/images/I/61EktxCt3aL.jpg,752266,depth,7.7 inch,Demensions Solid Base 7.7inch rotatable head f E26 Base Baking Paint Shade Plastic Fixing Ring 5.5 inch
https://m.media-amazon.com/images/I/61439+4VLxL.jpg,359286,depth,875.0 millimetre,875 mm Klsiicor 8 3
https://m.media-amazon.com/images/I/31F6d-5j00L.jpg,434825,depth,5.0 inch,"5"" 5"""
https://m.media-amazon.com/images/I/51hSAmSDUUL.jpg,681445,depth,12.0 centimetre,20cm 12cm 1.5cm 14cm
https://m.media-amazon.com/images/I/617c6sRzhiL.jpg,300630,depth,12.0 inch,impressjJgriedia INKING PALETTE PLASTIC INKING SHEETS WORKS WITH 4 PIOUG [005 inch PLASTIC FILM BlOCK PRINTING pad MONOPRINTING 25 sheets 9in.X 12in.| clear HASD PPWGNG Grafixe Inking Palettes are smooth; nonporous disposable plastic sheet that s quick and easy t0 use Sheets are gummed at two ends t0 prevent curling when rolling brayer They are convenient and ideal tor easy ciean up ust tedr Ine sheet Irom tne pad whan tinished and discar Transparent Stable (lays Ilat) Tear Resistant Economilcal; Gath
https://m.media-amazon.com/images/I/51r8saKObJL.jpg,130202,depth,30.0 centimetre,Size % 3 30cm/12 inch
https://m.media-amazon.com/images/I/611iMfdc3oL.jpg,992107,depth,495.0 millimetre,1 1 495mm/19.48in xSuitable for Book thickness 0.3~3cm 10.1~1.18in Book size applicable to the cover A4 210mm x 297mm /8.26 x 11.69in
https://m.media-amazon.com/images/I/51qhxUpv0QL.jpg,530124,depth,10.0 inch,8.5 IN 10 IN
https://m.media-amazon.com/images/I/51jAWAyse2L.jpg,823083,height,19.5 centimetre,1 7cm/2.7Sin
https://m.media-amazon.com/images/I/513hsqynHwL.jpg,838598,height,16.7 centimetre,Dragonfly Size: Approx; 16.7cm 1 6.57in
https://m.media-amazon.com/images/I/6161hUSWpAL.jpg,468949,height,2.0 metre,"BAGNOYY 2 m UV = hohe Qualitat bestandig 0,9 cm O 0,8 cm flexible langlebig Groken- anpassung 1cm Glasstarke 8 mm"
https://m.media-amazon.com/images/I/615wTBV8I-L.jpg,901135,height,85.0 millimetre,Windmill  1 64 85 mm 524J 24 mm m5 35 mm ##W#e#K1
https://m.media-amazon.com/images/I/517w+3VdPuL.jpg,916768,height,3.0 inch,Hight 5 cm Hight 3 inches Neeos 8 6 Width 8 inches 20 cm The _ 2
https://m.media-amazon.com/images/I/41iKGbXwI7L.jpg,752266,height,500.0 millimetre,37.6mm 18mm 500mm
https://m.media-amazon.com/images/I/51yxd8kZ3-L.jpg,970563,height,30.0 centimetre,"12""/30cm 3.15""/8cm L"
https://m.media-amazon.com/images/I/41VSGrlRwgS.jpg,403664,height,10.5 centimetre,"Hohe: 10,5 cm Durchmesser: 3,8 cm 8 8"
https://m.media-amazon.com/images/I/41VU78cbfbL.jpg,387046,height,20.0 inch,42 Inches 24 Inches 20 Inches
https://m.media-amazon.com/images/I/610BflN7H0L.jpg,478357,height,25.1 inch,15_ 25.1in 26.4in Power cable: 6.5ft 11.4in- 4in
https://m.media-amazon.com/images/I/51pfci0RTfL.jpg,589105,height,4.0 inch,"WaRNiNG Jo av0id danper suHacalo"" kecp thiz Wrapper awayhom at children Zu Ihrer SicherHeiT Un Cnickendsnelatn vorzubeletn hallen 5i2 0i6 Scauzhud aEnon ndem ATTENTICN Pol RviegJqui damcer suttocaiion enez Celem39 ace plasiique hors uree Des entants ATTENZIONEI Pei evhlara somocamento non consenile Damdini gio care quast plastic1 WAARSCHUWINGE Fomoi deramaen LAl buurt Yan ba baes e3 kinderen LVM mogelijk versikkne*0en PELD 'paricolo 704t"
https://m.media-amazon.com/images/I/51N0OXX5liL.jpg,524117,height,16.0 centimetre,8 9 6 01. 9. 48in 25cm 19cm 84in
https://m.media-amazon.com/images/I/51R2Fj6vCsL.jpg,478357,height,75.0 centimetre,"PRODUCT SIZE 44cm/ 17.3"" 1 1 L Condition Brand-new Style Modern Type Side table Shape Rectangle Color White Material MDF 1"
https://m.media-amazon.com/images/I/51nlCEOkJLL.jpg,599317,height,10.0 centimetre,8cm 0 150cm F4.4cm - 9.3cm 1Ocm
https://m.media-amazon.com/images/I/61BQ5PY+ziL.jpg,640408,height,25.0 centimetre,22 02 7 650 ml 53 1.84in/4.7 cm Inside width of handle 3 3 2.25in/5.7 cm Diameter of cup mouth 2.9in/7.Scm 2.92in/7.5CM Diameter of cup bottom
https://m.media-amazon.com/images/I/61FE1oSTXHL.jpg,483370,height,17.0 centimetre,SIZE I7cm
https://m.media-amazon.com/images/I/61Dx0eKBHsL.jpg,830996,height,10.0 inch,Cold kettle in the Turn on the tap to enjoy a cold drink 0 0) #A High capacity 35L Cost-effective outfit fridge 08r 088 @rTW ejieiet> % > 
https://m.media-amazon.com/images/I/61ALQ0eVQwL.jpg,192915,height,11.4 centimetre,PRODUCT DIMENSIONS 0 3 2.76in/7cm
https://m.media-amazon.com/images/I/51bLRqq6poL.jpg,312608,height,60.75 inch,"Height: 60.75"" Width: 42"" Depth: 81.25"" Weight: 160lbs 42"" 60.75""  81.25"" Copyright Ashley Furniture Industries"
https://m.media-amazon.com/images/I/51Idy6tB2IL.jpg,963595,height,10.0 centimetre,8 10Scm
https://m.media-amazon.com/images/I/4111n7UTRLL.jpg,178778,height,4.13 inch,PRODUCT SIZE 4.13 in 10.5 cm 11.02 in / 28 cm
https://m.media-amazon.com/images/I/61DD8wKwWzL.jpg,237000,height,50.0 centimetre,"63""x45.28""x19.69"" 160x115x50cm Foosball Table Cover"
https://m.media-amazon.com/images/I/51l3gk++5hL.jpg,858439,height,45.0 centimetre,Adjustable Stainless Steel Poles X No More Bend Over Kneel Down for Sweeping 157cm 121cm (61.8in) (47.6in) 10.5cm (4.1in) 8cm (3.1in) 45cm (17.7in)
https://m.media-amazon.com/images/I/51JxHTOIjWL.jpg,416664,height,490.0 millimetre,"1,7 m Cable 490 mm 160 mm INCLUDED 270 mm"
https://m.media-amazon.com/images/I/519Pg6vTHmL.jpg,752266,height,80.0 millimetre,Alt(7 175mm 175mm 8Omm
https://m.media-amazon.com/images/I/51-6kHisPYL.jpg,916768,height,6.3 centimetre,3 11 20 CM CM
https://m.media-amazon.com/images/I/61B59-X1GoS.jpg,931856,height,23.6 inch,F F
https://m.media-amazon.com/images/I/51IAhuCY8JL.jpg,187993,height,40.0 centimetre,7 cm Tubo POWELI TechNoloGy 1 Moulinex quickchef 8 1OOOW 8
https://m.media-amazon.com/images/I/5118W37r-hL.jpg,529606,height,3.8 centimetre,3.8cm 2cm ADVENT 1.5 inch candles set of 36 3 hours each candle burning time
https://m.media-amazon.com/images/I/51H0uzLPAAL.jpg,758128,height,79.0 inch,"112.00 91.00 Ceiling Height 79"" 162.00 Wall Height 68"" 162.00 Collapsed: 68"" X 13.5' X13.5' 5 sides 132 sq ft: 73 Ibs. %, Qo 91 _ 116.00 .00"
https://m.media-amazon.com/images/I/51Hsn004zbL.jpg,311997,height,21.8 centimetre,Small Transparent color25*18.5*21.8cm 1 18 25cm Zstory 9
https://m.media-amazon.com/images/I/51DjfgkpNNL.jpg,916768,height,32.5 centimetre,"GN 2/3 35,4x 32,5 cm 1/3 1/6 1/6 1/9 1/9 1/9"
https://m.media-amazon.com/images/I/51RP9eozFkL.jpg,988675,height,1.1 inch,1.1 in / 3.0 cm 1.1 in / 2.8 cm
https://m.media-amazon.com/images/I/610nbAQqmwL.jpg,558832,height,15.0 centimetre,Total: 3OOPCS IIU BRAND SEALiNG TAP E REMOVE LINER To EXP ( 1 1OCM/3.9in
https://m.media-amazon.com/images/I/5160R-aNNZL.jpg,292475,height,2.4 inch,7 OZ 8 0z Normal Capacity Maximum Capacity 6Pcs 4.3 in 2.4 in
https://m.media-amazon.com/images/I/81DDJMXavfL.jpg,459516,item_volume,4.0 fluid ounce,"wild &  NATURAL organic SWEETNESS WITH VEGETABLE GLYCERIN SUGAR: NO ALCOHOL. wild & PREMIUM QUALITY organie LIQUID DROPS LION'S MANE Iitd pady (egan USA By utilizing vegetable glycerin, our alcohol-free tinctures Alcohol-free supplement 4floz deliver a naturally sweet taste without the addition of sugar: Made  Dietary"
https://m.media-amazon.com/images/I/71BM875VzSL.jpg,120569,item_volume,100.0 millilitre,6 Ewpn Iohm MMEAIL Uitddaua| A LIPOTROP Appetizer Chker ICT Ju 8 Booster & Iotn WMENIAS 67 LipotrOP tv Appetizer La TIVETTE La Fuictlon Antl Oxidant Laela #tiemge Hn 10Omi: Booster Function Anti Oxidant Liver
https://m.media-amazon.com/images/I/71UPB8QjSbL.jpg,916768,item_volume,11.0 millilitre,3 in 1 portable convenience container for wax also included---at the back ofthe set 11 ml hidden jar
https://m.media-amazon.com/images/I/61w3UZZsAlL.jpg,459516,item_volume,100.0 millilitre,NUTRITION PRO HUILE DE NIGELLE D'ETHIOPIE (Habachiya) SANTE - IMMUNITI Certifiee pure et naturelle Pressee a froid 1OOml Wuot DeLE
https://m.media-amazon.com/images/I/51nlilm7AWL.jpg,369753,item_volume,15.0 millilitre,"Use Instruction Three modes: Importing, Soothing Importing mode fits to use with facial cream, soothing and lifting modes fit to be use separately after cleansing face Tightening massagc modc to build natural V-shaped face Press mode twice, entering into tightening massage mode 2 second later starting Soothing massage mode t0 sooth facial skin; smooth fine lines Press mode once, entering into tightening massage mode; 2 second later starting work mporting massage mode to promote skin absorption of facial mask and skin care products Tum on the mask; light the screen; 2 seconds starting vibration Lifting work"
https://m.media-amazon.com/images/I/71k-HrQnxwL.jpg,916768,item_volume,118.0 millilitre,8.9 in (22.6 cm) L 1 CUP (237 mL) 1 1/3 6.5 in (16.5 cm) CuP (315 mL) 1/2 1/2 CUP CUP (118 mL) (118 mL) 2 in (5.1 cm)
https://m.media-amazon.com/images/I/61hoWy-HKlL.jpg,916768,item_volume,500.0 millilitre,"CLEANING BRUSH Size matching, excellent cleaning effect 8 9 € € g ! 8 1 8 1 g 1 8"
https://m.media-amazon.com/images/I/51ffX-feHpL.jpg,459516,item_volume,30.0 millilitre,"IGP medivENTURES IGP' s IGP's IMMUNO 3 IMMUNO } Tucinecic, Aabwagandha Holy Basil 30 ml"
https://m.media-amazon.com/images/I/71azz+IWBIL.jpg,459516,item_volume,33.8 fluid ounce,"ORGONO LIVING SILICA KlantKaged COLLAGEN BOOSTER' 1 SILICON SUPPORTS JOINTS AND BONES 375% GREATER Absorption 2 SILICoNTO BEAUTIEY SKIN, HAIR AND NAIL' 33.8 FL OZ (1.05 QT) IL SUPPLEMENT 66 SERVINGS DIETARY"
https://m.media-amazon.com/images/I/caDEyEaRMCm.jpg,884560,item_volume,16.0 fluid ounce,Error
https://m.media-amazon.com/images/I/612yl9IUIDL.jpg,120569,item_volume,946.0 millilitre,"VETCLASSICS: TM Pet-A-Lyte"" Oral Electrolyte Solution Replaces Fluid Lost From Dehydration; For Dogs Net Weight & Cats  946 mL (32 f. oz) Vomiting; Diarrhea Available  Through Veterinarians Only"
https://m.media-amazon.com/images/I/81m6If+LMSL.jpg,459516,item_volume,200.0 millilitre,1 dem BIOTANICAA VERZEHR- EMPFEHLUNG taglich Kapsel' Wasser ml 200 mit Essen vor verzehren
https://m.media-amazon.com/images/I/61QehjLWPRL.jpg,916768,item_volume,350.0 millilitre,1200 ML 10 CM 650 ML 8.5 CM 350 ML 6 CM 250 ML 5 CM 2 2 ? 2
https://m.media-amazon.com/images/I/81F9XzYb+GL.jpg,281678,item_volume,1.0 litre,LEMON ICE TEA perc (250ml)3 216 kJ 52 kcal 3 %* Per dOOmlb 86kJE2dkcal 05 Lipton Penon 1L IGB portion TASTE 100% REFRESHING WATER IL OF FLAVOURED To ADD TE
https://m.media-amazon.com/images/I/61ZHfGgV6FL.jpg,557758,item_volume,100.0 millilitre,"Nutritional Information Per 10Oml Per 30Oml NRV* Serving Energy 17kJ s0kJ Energy 4kcal 12kcal Fat Og of which Saturates Og Carbohydrate 3.0g of which Sugars 2g 0.5g Protein Og Og Salt 0.19g 0.58g SNEAK FOCUS (1951mg) L Tyrosine 1500 mg Caffeine 150 mg Theanine 100 mg L Choline Bitartrate 100 mg LCarnitine 100 mg Riboflavin 120 pg 8.5% Pantothenic Acid 750 pg 12.5% Biotin 37.5 Hg 75% SNEAK HYDRATE (1693mg) Sodium 222 mg Potassium 145 mg 79 Calcium 59 mg 79 Magnesium 51 mg 13% SNEAK DRIVE (109Omg) Taurine 1006 mg Vitamin C 82.5 mg 103% Nicotinamide 2.4 mg 15% Vitamin B6 210 ug 15% Thiamin 165 jg 15% Folic Acid 30 ug 15% Vitamin B12 0.6 pg 24% Ingredients SNEAK FOCUS (L Tyrosine; Caffeine L Theanine, Choline Bitartrate , L-Carnitine, Riboflavin, Calcium D Pantothenate, Biotin), SNEAK HYDRATE (Trisodium Citrate, Magnesium Citrate  Potassium Chloride, Di Calcium Phosphate), SNEAK DRIVE Taurine, Vitamin C, Niacin, Vitamin B6, Thiamin, Folic Acid, Vitamin B12), Maltodextrin, Regulator (Malic Acid), Natural Flavour; Sweeteners (Sucralose, Acesulfame K) , Colour (Spirulina) , Silicon Dioxide. Allergens No allergens Acidity"
https://m.media-amazon.com/images/I/61yodAKoBgL.jpg,884560,item_volume,100.0 millilitre,DEPUIS 1038 Rou Douceuri #AspeRgES  Mobre Promesse SANS conservateuri SANS colorant2 Emballage recyclable 8 0 8 { 1 | 8 Parportion NuTRI-SCORE dezsomi8 655 kJ E 156 kcal 3 Pour JOOml Mutri-score calcule pour 100 ml portions  262repazkc Portion recommandeepar Knort: 250ml 3 kcall
https://m.media-amazon.com/images/I/510QjpUaf0L.jpg,369753,item_volume,25.0 millilitre,"BALANCE A C T | V E F0 R MU L A 97% AGREED SKINIS SOOTHED Niacinamide SOOTHING SHEET MASK CALM & CLEAR with NIACINAMIDE SOOTHES AND CLARIFIES BLEMISHED SKIN REDUCES APPEARANCE OF BLEMISHES REFINES SKIN TONE AND TEXTURE 1 x25 ml / 0.85 fL. oz,e"
https://m.media-amazon.com/images/I/61+87N1kzNL.jpg,459516,item_volume,"[5.0, 7.0] millilitre",BEST WAY TO USE Shake the bottle before use {0 3 Press and load the dose till 5-7 ml ZERO TAR 5 Drink thrice a after your meals Use it for 3 months regularly for effective results day
https://m.media-amazon.com/images/I/81LDIG9q9gL.jpg,281678,item_volume,500.0 millilitre,"325 frio melsmer AUFGIESSEN LD meBmer CLASSIC EISTEE PFIRSICH_ COD TiA 3 Himbeere-Zitrone TTEA ~KAN 2 Eistee Pfirsich ugict meBmer mefmer Goln frio Inekmer Coi COS ? KALT AUFGIESSEN @7EK SPORT Passionsfrucht-Mango TEA n CL Melmer ~KAN NEU 1 cold (881 frio W frio MeBmer LB KALT AUFGIESSEN KAT AUFGIESSEN CLASSIC EISTEE ZITRONE TEA JOHANNISBEERE-ZITRONE Eistee Zitrone Oentantct 652 0881 mekmer Ohtie fS_ CLASSIC EISTEEZiTRONIE (9 cinszttr TEZA furalc tuteornacono Reee 48 TEEBEUIEL 27322 Jitcan Kiihle Drinks fuir heiBe Tagel KALT NEU OHNE KAORIEN AKAN Kionid OHNE KALORIEN 8 uME Teeseuiet"" WSSE NEU KALORILN Laaxit"
https://m.media-amazon.com/images/I/81dA+tnHuoL.jpg,884560,item_volume,250.0 millilitre,"CREAM OF VEGETABLE SOUP SOUPE CREME DE LEGUMeS The soup is almost readyl La soupe est presque pretel 1 Inalargesaucepan whisksoupmixwith 3cups (750mLycold waberand 1 cyp (250mL)mik Nutrition Facts Valeur nutritive Dansunegrandecasserole incorporeraufouet Per 1/4 pouch (21 g) / pour 1/4 de sachet (21 g) len asoupea3 tasses (750mL)deau (About 1 cup 250 mL prepared / environ tasse 250 mL prepare) froideet 1 tasse (250mL)delait; Amount Mix Preparedt 2, Bringboabolovermoderatelyhighheat; Teneur Poudre Preparet whiskingconstanbly Calories Calories 70 110 Portera ebullitiona feumoderementeleve,en % Daily Value % valeur quotidienne remuantaufouetconstamment; Fat / Lipides 0.5 g* % 3 % 3. Lowertheheat;partiallycoverand simmer Saturated / satures 0 g gentlyfor5 minubes (Giveitastirnowand then)  0 % 5 % Trans trans 0 g Makes4 Iservings: Cholesterol / Cholesterol 0 mg Baisserlefeu couvrirpartiellementetlaisser Sodium Sodium 590 mg 25 % 26 % mijoterdoucementpendant 5minubes (Remuer Carbohydrate Glucides 15 g 5 % 6 % aufouet debempsaaubre) Donne 4portions; Fibre Fibres 1 g 4 % % For recipe ideas visit wwwakonca Sucres Pourdes idees de recettes; visitez wwdkonca Sugars 3 g Protein Proteines 2 g MADE WITH 9 CAREFULLY DRIED VEGETABLES At Knorr; we start with fresh vegetables and herbs that are Vitamin A / Vitamine A 8 % 8 % carefully dried and specially blended Were well on our Vitamin C / Vitamine € 6 % % journeywith farmers to grow ouringredients responsibly through our Knorr Sustainability Partnership. Learn more Calcium Calcium 2 % 2 % about our progress at wwwKnorrca: Iron Fer 4 % % CONTIENT 9 LEGUMES SECHES AVEC SOIN Knorr utilise un melange special de legumes frais et dherbes Amount in dry mix / Teneur du melange sec qu'elle fait secher avec soin: Nous travaillons de concert avec As prepared with 2% Milk Tel que prepare avec du lait 2 % les agriculteurs a cultivernos ingredients de responsable INGREDIENTS: CORN StaRch; WHEAT FLOUR, dRIED Vegetables (potatoes:, ONON ;, CORN, dans le cadre du programme de durabilite de Knorr En savoir BROccoll"";, CARROTS:, peAs;, ReD Bell PePPER ;, leekS), MODIFIED MLK INGREDIENTS, CORN^ plus sur nos progres au WWWKnorrca SYRUP SOLIDS, Salt; MaLTodextrin; HYDROLYZED SoY PROTEIN;, SUNFLOWER OIL,ONoN* & Garlic* POWDER, DRIED ParsLey,GUaR GuM, yEAST EXTRAct, DISODIUM GUANYLATE, LOW FAT DISODIUM INOSINATE, potato Starch; SPICE, NATural FLAVOUR; TRANS FAT FREE CONTAINS MILK, SOy; SuLphItes; WHEAT; FAIBLE EN GRAS INGREDIENTS : AMIDON DEMAIS, FARINEDEBLE LEgumes seches (POMMES deterre:; OIGNONS;, SANS GRAS TRANS MAIs BROcoL"", carotteS:; PoIS; POWRONRouGe:, poireaux) SUBSTANCES LAITTERES MODIFLEES EXTRAITS secS deSIROP DEMAIS, SEL, MALTODEXTRINE, PROTeINE de SOJA HYDROLYSEE,huilede 2 TRADEMARK OWNED OR USED 37 TOURNESOL, POudREs DYOIGNon* ET DAIL; PERSIL SEcHE GOMMEdEGuar; exTRalt delevure UNDER LICENSE BY / MARQUE GUANYLATEDISODIQUE INOSINATEDISODIQUE, AMIDON DEPOMMEDETERRE, EpIce aromenaturel DE COMMERCE detenue OU CONTIENT LAIT, SoJa, SuLFITEs, BLE, ` Unilever UTILISEE SOUS LICENCE PAR , IMPORTED BY / IMPORTE PAR *Ingredients sustainably grown _ Ingredients cultives de facon durable UNILEVER CANADA TORONTO, ONTARIO MAW 3R2 1-877-775-6677 1 WWW.unilever ca BEST IF USED BYIMEILLEUR SI CONSOMME AVANT : Kmov melanges Dry facon "
https://m.media-amazon.com/images/I/71I8cwj8qAL.jpg,369753,item_volume,2.7 fluid ounce,1 I 100% Natural SPA Formula PARADREAM 2.7 FL OZ / 8OML Bamboo Charcoal Green Tea Chamomilla Hyaluronic Acid
https://m.media-amazon.com/images/I/61USsjr5cuL.jpg,459516,item_volume,240.0 millilitre,Fw 9 TW0l 7W0 7W Sl 7W91 7W 0z 7W07 BensNaturalHealth PROSTATE HEALER Soothes painful urination* Maintains prostate health* Restores sexual function* 240ml (8fl.02) A DIETARY SUPPLEMENT 7W9
https://m.media-amazon.com/images/I/71qG7jRYTsS.jpg,254449,item_volume,300.0 millilitre,PULLULAN DIE NATURLICHE KAPSEL PREMIUM SCHWEIZER KAPSELN AUS NATURLICHER FERMENTATION STATT CHEMISCHER HERSTELLUNG (HPMC) BIS_ZU 300-MAL BESSERER LUFTBARRIERESCHUTZ FUR LANGLEBIGE VITAMINE & MINERALIEN NON CEATIFIED H AL Gojec M JL Ko VERIFIED &okity uctorian iect ApPROvED {C4h 089
https://m.media-amazon.com/images/I/81Uh694nwFL.jpg,884560,item_volume,500.0 millilitre,"100%  FED dos Parsley & de et 8 de { HELPS SUPPORT ""os & sken HEALTHY ent de poulet BRQ DIGESTION dos & de Tomate et BROYA GRASS  BROTH BROYA BONE Bouillon Beef Wic; BLOLOGIQUE Cumin bocuf cumlmg Persil JNE BROTH 500mL Bouillon dos urmeric Ginger Chicken BROYA Qurcuma ecgingemered 500mL eoulet IBlologiQue BROYA BROTH FED GRASS  100"" C BONE Bouillon Beef Tomato Paprika Smoked boeuf (fume  'paprika  S00 mL"
https://m.media-amazon.com/images/I/91Mf7nAbHrL.jpg,916768,item_volume,473.0 millilitre,Ttenee 232 anm -sty U = 8* 3558 4 2 237 4 S* 2 PS E 42 Ik S 5 A H w & W Ziploc Bpa M UL I) ' 1PT/473ml) 3 8 LDS Pue  Johnson Family Company SMALL ROUND 1 'LIDs CONTAINERS € 0 Twist8y Lot ) CONTAINERS (FREE) BRAND  L 0 0 1 6 4 1 DISHWASHER 3 1 Leak Resistant 1 fte Lid MICROWAVE | 0 | 1 L FREEZER 7 COITAERS 9
https://m.media-amazon.com/images/I/71Vd7CW1DyL.jpg,961822,item_volume,5.9 fluid ounce,6 zevo ON-BODY mosquito + tick repellent Odorless Not Sticky 8 Hour Protection 1 VENANCIO'S Feel Good Protection SXOp for the Entire Family VENANCIOS SHOP 5.9loz
https://m.media-amazon.com/images/I/91XXhEsqQlL.jpg,281678,item_volume,2.0 quart,"EASY TO PREPARE Directions for 2 Quarts Refreshing Iced Tea 1. 2. 3. 5 min 8 cups Pour 8 cups COOL Cold brew 5 minutes, Sweeten to taste. water over 2 tea bags. dunking frequently, stir; Add ice and ENJOYI then remove tea bags: Keep refrigerated: Traditional Brewing Directions for 2 quarts of refreshing tea: Pour 8 cups boiling water ouer 2 tea bags and brew 3 to 5 minutes Sueeten to taste. Chillor add ice. Enjoy your family meal with Lipton iced tea:"
https://m.media-amazon.com/images/I/71+Vx9wvvfS.jpg,225091,item_volume,62.0 cubic inch,eco Friendly FLEA & COLLAR POWERFUL & NATURAL FORMULA PROTECTION ADJUSTABLE WATERPROOF 8 ONE SIZE FITS ALL DOGS MONTHS SAFE & ECO-FRIENDLY Length: 62cm/24in TICK SURCIAM
https://m.media-amazon.com/images/I/61VDEVv5YaL.jpg,459516,item_volume,8.0 fluid ounce,"SAME NEW TRUSTED FORMULA LOOK Colarays EST 19 7 ] SOLARAY"" DIETARY SUPPLEMENT LIQUID CranActin' D-Mannose DMANNOSE with 400 mg CranActin"" LIQUID Tract Health Urinary Tract BACTERIAL Healtht ANTIADHERENCE  8FL 0z / 236 mL MetaRy supplemEnT 8 il, 0z, 236 ml Urinary"
https://m.media-amazon.com/images/I/61ejd-1ktwL.jpg,459516,item_volume,100.0 pint,"NAHRUNGSERGANZUNGSMITTEL ' Hericium Vitalpilz Hericium erinaceus BO HTl Pulver Powder Poudre Polvo Polvere Poeder / Puder Proszek   -BASED , INGREDIENTS -AnT_ Biotiva ORGANIC ""100% certifie0 Q U AL EDIEN` Se ' .^. A"
https://m.media-amazon.com/images/I/61IjRZyxw6L.jpg,557758,item_volume,355.0 millilitre,"Crush Gzush Gush, Grush Czsh Grush Lime Lime Lime Lime Lime Lime"
https://m.media-amazon.com/images/I/71wZXgdTR3L.jpg,254449,item_volume,"[6.0, 10.0] fluid ounce","SUGGESTED USE: HFacts] As a dietary supplement, mix 1 scoop daily with 6-10 0z of water or as directed by your healthcare professional: THIRD PARTY TESTEDt YDVt NON-GMOt 2|Umg 50% M GLUTEN-FREEt Jmr?Mcabre diet; WARNING: For healthy individuals 18 years and older: Consult a healthcare professional prior to use if you are pregnant or nursing; taking medication, Juuerhager); nalural or have a medical condition. Keep out of reach of children: Do not use if Mhasha safety seal is broken or missing: NOTICE: Store in a cool, place: Contents are sold by weight, not volume. Some settling may occur: Kxby lhe Food and| IMhbw to diagnose; MADE AND QUALITY TESTED IN THE USA With GLOBALLY SOURCED INGREDIENTS. Distributed by Nutricoste 351 E 1750 N Vineyard, UT 84059 (866) 438-3694 support@nutricost com 01 www.nutricost.com 10014 67587 9 dry"
https://m.media-amazon.com/images/I/81OJBlL+M8L.jpg,916768,item_volume,1040.0 millilitre,"PIECE SET 24 Containers + Lids 1040ML - 3502 630ML "" 2102 370ML - 120z 8OOML 2702 520ML = 17.50z 320ML - 110z 970ML 5 320z 640ML = 21.50z 4OOML = 13.50z"
https://m.media-amazon.com/images/I/81wYFdHUBKL.jpg,961822,item_volume,110.0 litre,END OF LIFE INDICATOR TO ALWAYS KEEP MOTHS AT BAY 123 ~ 0
https://m.media-amazon.com/images/I/718SdfkOTyL.jpg,459516,item_volume,1.4 millilitre,"SUPPLEMENT FACTS Dry Herb Menstruum Ratio 133 Serving size: 1.4 ml / Servings about 84 Amount Per Serving %DV Turmeric Root 720 mg (Curcuma Longa) Black Pepper Fruit 10 mg Extract Daily Value (DV) not established Other Ingredients: Certified Organic vegetable glycerin, distilled water: Does not contain: Alcohol, Sugar: SUGGESTED USE: Shake before using: Add two (2) full squeezes of the dropper bulb to 2 0z. of water or juice; 2 times daily, or as directed by your healthcare professional  CAUTION: If you are pregnant; nursing or taking any medications, consult with your healthcare provider before use Do not freeze: Store away from heat and light. out of the reach of children. NON-GMO VEGAN INGREDIENTS MADE IN AN GMP 2 FDA REGISTERED FACILITY *THE STATEMENTS ON THIS PRODUCT HAVE NOT BEEN EVALUATED BY THE FOOD AND DRUG ADMINISTRATION. THIS PRODUCT IS NOT INTENDED TO DIAGNOSE, TREAT , CURE, OR PREVENT ANY DISEASE Keep (oacrya 1 8"
https://m.media-amazon.com/images/I/91joKmQRA8L.jpg,487566,item_weight,1.0 kilogram,1 kg* of recycled cotton saves up to 250 13.5 years of Pet showers drinking water Friendly Guia de Ia Roma Antigua *1kg = 2.2 Ib
https://m.media-amazon.com/images/I/61C-1lrrPYL.jpg,308856,item_weight,20 kilogram,Tailor-made nutrition with irresistible taste Ocean Fish Flavour ADULT 1+ TEOm THE VITAL SYSTEH Whiskas 906dmtatro Tirolen Raneot t NET QUANTITY: 20 kg
https://m.media-amazon.com/images/I/71GwtHkDv9L.jpg,192132,item_weight,1.3 kilogram,"4.5cm (1.77in) 15cm (5.91in) D2 in) 1.2cm(0.47in) 1.Scm(0.59in) 2.2cm(0.85in) Weight:1.3KG 22,Scm (8.85"
https://m.media-amazon.com/images/I/71AYisAdveL.jpg,459516,item_weight,70.0 milligram,CHOOSE A SACHET 7F PRO Boost VITALITY SUPPLEMENT FOR MEN TAKE A STRIP PLACE ON TONGUE Orally Disintegrating Strips (70 mg per strip) LET IT DISSOLVE
https://m.media-amazon.com/images/I/81mUT7Ez1BL.jpg,375816,item_weight,0.85 ounce,"Suggested brew size: RISTRETTO, ESPRESSO , LUNGO RISTRETTO 0.85 Oz ESPRESSO 1.35 Oz LUNGO 3.7 Oz 2021 STARBUCKS CORPORATION: ALL RIGHTS RESERVED:"
https://m.media-amazon.com/images/I/71c+Ot0lO5L.jpg,628971,item_weight,383 gram,"T0 OPEM . TM IMPOSSIBIE CHICKEN NUGGETS MADE FROM PLANTS 18y PROTEIN 6O% HESS  THAN SATURATEDFAT CHOLESTEROL PER SERVING THE LEADING CHICKEN NUGGETS* 12g TOTAL FAT PEA SERVING NET WT. 13.5 02 (383g) CONTAINS NO AMMAL PRODUCTS PERISHABLE HEEP FROZEN E . Z TAb pulL Omy """
https://m.media-amazon.com/images/I/71TDrAkjwVL.jpg,375816,item_weight,100.0 gram,notral 5 araku boomi instant iote 4p 529 coffee 6flozaps 100% MEDIUM ROAST Smooth & Balanced Net Wt   3.5 0z (10Og) 100 Arabica
https://m.media-amazon.com/images/I/61weKHw85sL.jpg,731432,item_weight,1 gram,END U RA NC E & MU SCLE BUILDING PERFORMANCE & STRENGTH AMPLIFIER Improve endurance and muscle function with max doses of: 3.26 2.5G Ig BETA-ALANINE BETAINE TAURINE
https://m.media-amazon.com/images/I/61P8Y9aeUOL.jpg,459516,item_weight,100 gram,"Net Weight 100 g Batch No. Mlg; Date Exp. Date MRP ? Ilnch; ofall laxes) Mrd by; PATANJALI AYURVED LTD_ Un-; D-38, Industrial Area; -249401 (Ultarakhand) Mg Lic No : UttralAyu-117/2007 For feedback and complaints write to: The consumer care ""Ayurved Ltd , Patanjali Food & Herbar Park Vi-Padora Latsar Road, Haridwar-249404 (Uttarakhand) feedback@patanjaliayurved org Care Toll Free No. :18001804108 An Forsalein Indian Subcontinent only ' producta aroalso avalloble Svpotanfalayurved net within 30 once opened ~Hardwar - Manag:, Patarah / Customer ' N MADE l Wompuaantal  nnd Consume ' days '"
https://m.media-amazon.com/images/I/61A81V159gL.jpg,329793,item_weight,3.6 ounce,"KNIFE DETAIL Full 7.87"" length 2Ocm CAMIMCE Blade 3.38"" Handle 4.49"" length 8.6cm length 11.4cm Handle 0.47"" Blade 0.08"" thickness 1.2cm thickness 0.22cm Oz 3.6 OZ EDC OUTDOOR"
https://m.media-amazon.com/images/I/612lSk6D3nL.jpg,267482,item_weight,8 ounce,Joe 24 Kdus Vilkv hekl 9 BIO ND ! A Halal Mnehalalindin nn BIO Belleve In 3 Certification ORGANIC 1.08 Fure DaajSea Sall Original DEAD Sea Salt Manulactuer & Customer (raddjest: Manufactured and produced utihbi in accordance with Islamic Arm: Il FSCC % Frux Zl Hipu Guidance Czn; Denile: #ipohz Powerfully rehydrates and 414741423456 nourishes roots 49gre Incredible Premium Quality 100% Vegan 100% Natural @250g/8 0z INDIA edlct 1 [ORGANIC E Lill : Jx me z 0C7U Mal : 29w8 %2 Mo
https://m.media-amazon.com/images/I/71m-cn0ZeaL.jpg,750220,item_weight,1.0 pound,NO COOD SLFUR SuACE OF DIOXIDE Umsswwectcned Slredded POTASSIUH  COCONUT Plont-Bosed Superfood PLAHT   BASED Nutrition Facts JustloxoeGood Ecance HO ADDED ucorttil Caloies 180 Ae SUPERFOOD Lntcac Ane TTEt SUBAR A Ldlnlmtn ERID Nct Wt: Ilb (4538) HIGh IK BREAT HANGANESE TASTE FREA Cluten DAIRY FREE  KETO: 1003 Fnee VEGAN FREndLy 14} @Natitae
https://m.media-amazon.com/images/I/61-W7dvo8oL.jpg,993359,item_weight,100 gram,You may get assorted Packaging caps 100% CERTIFIED ORGANIC 100% CERTIFIED ORGANIC 100g 100g OR Pure Tree CLOVES (WHOLE) Pure Tree (LAUNG) CLOVES (WHOLE) Rich in antioxidant (LAUNG) Promotes oral health Rich In antioxidant Promotes oral health
https://m.media-amazon.com/images/I/61G-1TUMStL.jpg,639090,item_weight,10.0 gram,Coconelon
https://m.media-amazon.com/images/I/61Z-sklKEIL.jpg,237000,item_weight,0.6 kilogram,"31.5"" (8Ocm) 31.5"" (8Ocm) 31.5"" (8Ocm) Product information COLOR: WEIGHT: Black *0.60kg SIZE:(L*W*H) PACKAGE LIST: 80*80*80cm 1* Garden Furniture Cover 31.5 x 31.5 x 31.Sinch 1* Storage Bag"
https://m.media-amazon.com/images/I/81loXXaacAL.jpg,397856,item_weight,1000.0 microgram,"Each sublingual tablet contains: Chaque comprime sublingual contient : Vitamin B12 Vitamine B12 (methylcobalamin) 1000 mcg (methylcobalamine) 000 mcg Non-medicinal  ingredients: Lactose Ingredients non medicinaux lactose monohydrate, microcrystalline cellulose; monohydrate, cellulose   microcristalline , croscarmellose sodium, vegetable croscarmellose sodique, stearate de magnesium stearate (lubricant): magnesium dorigine vegetale (lubrifiant): Recommended purpose: Methylcobala- Usage recommande La methylcobala- min; the active form of B12, is more easily mine, forme active de la vitamine B12, est absorbed and stays in the body longer plus facilement assimilee par Iorganisme et while other forms such as cyanocobalamin y reste plus longtemps, alors que dautres must be converted to methylcobalamin in formes de B12, telles que Ia cyanocobala- a two-step process. maintain the mine, doivent etre converties en methylco- body's ability to metabolize nutrients and balamine par un processus a deux etapes. prevent vitamin B12 deficiency: Helps in Aide a maintenir Ia capacite de Iorganisme energy metabolism, red blood cell formation; a metaboliser les nutriments et a prevenir and normal immune function. A factor in Ia carence en vitamine B12. Contribue au normal growth and development; and in the metabolisme de /energie, a la formation maintenance of health: des globules rouges et au fonctionnement Recommended dosage (adults): Dissolve normal du systeme immunitaire. Contribue 1 tablet daily under the tongue or as directed au bon developpement; a la croissance nor- by a physician. out of reach of children: male et au maintien dune bonne sante: For product freshness protect Dose recommandee (adultes) : Laisser from heat and humidity: fondre 1 comprime parjour sous la langue ou suivre les recommandations d'un medecin; Conserver hors de Ia portee des enfants. Garder au frais et au sec pour preserver Ia fraicheur grade Helps good Keep"
https://m.media-amazon.com/images/I/71ERx--8tDL.jpg,881883,item_weight,240.0 gram,240G Polyester fiber 3D Printing
https://m.media-amazon.com/images/I/71Eszh9j23L.jpg,630869,item_weight,32.0 gram,"MEDICAL ALERT BRACELETS ARE EASY TO SET UP, WEAR, AND USE Material: Stainless steel Dial length: 45mm /1.77inch Dial width: 19mm / 0.75inch 6 Weight:32g / 1.1302 3 Applicable wrist dimension ; 45 mm / 1.77"" 19.5 cm / 7.68"" 2cm 0.79"" TIPS: The size of the product is measured manually and may be subject to marginal error. 5352,"
https://m.media-amazon.com/images/I/61drJM6-mtL.jpg,299791,item_weight,11.0 gram,Informazioni sul prodotto forelvet 1 inches U ve 0.86 inches Materiali : Ciondoli in lega Processo ' Intarsio e lucidatura Lunghezza ' Catena 24+2 Peso : 11g
https://m.media-amazon.com/images/I/61BOmwxiQSL.jpg,208023,item_weight,223.0 gram,"STAMPA ALTISSIMA DEFINIZIONE NUOVO PRODOTTO SUPERFICIE Ti A SPECCHIO Eres Ramazetti LUCIDA 0,18 CODICE Y4 5) SPOTIFY shui PERSONALIZZATO NOVITA' perehe Gposera"
https://m.media-amazon.com/images/I/61j98HrCePL.jpg,281678,item_weight,50.0 gram,"NEWI | NOUVEAUI LepNThT To IAMTTTNE Loroor TWININGS"" Peach & Orange LONDON Peche et orange OPEN HERE OUVRIR ICI For Full-Flavoured Enjoyment Naturally Caffeine-Free ENJOY Hot Pour un delice rempli de saveurs OR ICED! A DEGUSTER Naturellement sans cafeine CHAUDE OU GLACEEI FLAVOURED HERBAL TEA | TISANE AROMATISEE 20 sadhedsertealbaginceviededefresh posr de fraicheur 50 g sachets emballes pour plus"
https://m.media-amazon.com/images/I/618Y-gX9edL.jpg,375816,item_weight,2 gram,"100% Arabica Smooth, rich coffee Mdlegde-lke country coleec bean Cjce FLAVOUR Box 2G X 15 euhome  Valueebw Mattena peablaanrad Jdaadud JabuIrCa eeathr_ ""elmo 7x+72 Peaeko"" Merairugr C 0 F F E E  UN S TA N T ARABICA [10 0 % 'SACHETS"
https://m.media-amazon.com/images/I/71uKjXwsCYL.jpg,145452,item_weight,14.46 ounce,"BUZIO"" #UZIO"" Buzio #Utio"" Size 32 0z 32 oz Tumbler 40 0z 64 0z 87 0z 12802 Mouth (2.16"" ) 4.33"" ) Diameter Width 3.54"" 2.75"" 3.54"" 4.92"" 4.92"" 6.22"" (bottom diameter) Bottle Height 8.66"" 10.39"" 10.39"" 9.84"" 12.20"" 10.63"" (wlo cap) Weight 14.46 0z 16.76 0z 16.58 0z 30.52 0z 35.45 0z 59.970z (wlo cap) 3 Accessories"
https://m.media-amazon.com/images/I/81Gz0+uq6vL.jpg,609802,item_weight,17.0 pound,SIZE REFERENCE Below are some of our customers in the All Weather Step-In Mesh Harness. Please note that these photos are for reference only: Be sure to ALWAYS MEASURE your when sizing for a harness XS XS XS XS XS Chihuahua (6 Ibs) Chihuahua-Maltese House Cat (6 Ibs) House Cat (11 Ibs) Italian Greyhound Yorkie Mix (6 Ib) Ibs) S S S Peakapoo (9 Ibs) Miniature Pinscher Mini Poodle Mix Maltipoo (11 Ibs) House Cat (15 Ibs) 6 Ibs) (12.5 Ibs) M M M Miniature Husky (9 Ibs) German Shorthaired Daschund (12 Ibs) Chihuahua Mix Schanuzer Ibs) Pointer (14 Ibs) (14 Ibs) Yorkie Mix (15 Ibs) (19 Ibs) Miniature Schnauzer Daschund Boston Terrier (16 Ibs) Retriever Mix (17 Ibs) Ibs) XL XL XL XL Miniature Poodle Saint Pyrenees Retriever Mix Beagle (20 Ibs) (12 Ibs) (25 Ibs) 30 Ibs) pet Puppy (14 Pug (15
https://m.media-amazon.com/images/I/71j0FmVb-lL.jpg,311997,item_weight,195.0 gram,21cmX28cm 27cmX35cm 24cmX31cm 135g 230g 195g
https://m.media-amazon.com/images/I/813v1oPt8kL.jpg,558374,item_weight,690 gram,"Chlcn 1 chlormint WITH HERBASOL ProprietaRY Ayurvedic Medicine BreaTH FresheNeR SogarNase/ 'OoproVPPERMINT TAilAM 212 59; Pudina SATVA ! 14 m8 Mfg 93, Approved fLAVOUR, Approvedcolour (InS-102, INS-033). BPGAGG.4o CwdisYuay Or AS And When d {xpiry 1z Months FronmuaufOrurs MAND SVoReD ReoOiREDRY conditions NET WEIGHT: 690g MR.P: (INCL_ Of ALL TAXES) ? 150.00 BATCH No: APR-15 1105155041 MANUTACVNRED UNdER Licence Of PERFETTI VAN Melle $ P^ iialy FOR DERFETTAVPURMEiGHWAIAPVs LD RegiStERED Office 47m Milestone industrisiDuRED,G7/W28 MaNESAR 22050, GURGAON (Hr) BY Royes FoR FEEDBACR/COMPDAINTS , (o8 E MEDCHAL 501401,R R. district (TELANGANA StatE). MileSTonE; DELHI CONTACT MANAGER ConsumeR CARE CELL AT Registered office ATTH Or E MaIL CONSUMERGRRE CIG PWMGRPCOSAR - 122050,GuRGaow (HR) OR TOLE FREE No; 1800 4190511 PvMGRPcoM Without offecting the net weight; occosionolly the pockoge moy contoin wropper (s) devoid of product and those ore not morkefoble cercetti 8/l90i 3931883324 3 9 0 7osaeih Juj15"" Glol 0 Mfd: BREAI 4314 Mold 2"
https://m.media-amazon.com/images/I/61Zxm7qMtxL.jpg,487566,item_weight,1.0 ton,"LollyBonks BUY ANY 2, GET 5% OFF BUY ANY 3, GET 10% OFF BUY ANY 5,GET 15% OFF ONLY APPLIES TO 1-PACK SWADDLES"
https://m.media-amazon.com/images/I/71ulljERRzL.jpg,630390,item_weight,2.0 pound,En ISO WHEY PROTEIN WHEY PROTEIN ISOLATE Wigh PROTEIN addeo Susar' THE CREAMY 908 g 30 20lb hazelmut Nougai flavor WHEY OF LIFE
https://m.media-amazon.com/images/I/91q91lFqShL.jpg,529606,item_weight,623 gram,"YANKEE CANDLE passion for fragrance (CHRISTMAS MAGIC de Noel with pure, natural extracts NET WT 623g Magie ="
https://m.media-amazon.com/images/I/81LSWtpMEyL.jpg,487566,item_weight,25811.0 ton, 28 Dbw loi lCs 12 3 4 5 2 8 10 11  12 Weo Best Gift For New Mom & New Born Babies a Mlonths
https://m.media-amazon.com/images/I/41lQhgz7jwL.jpg,639090,item_weight,100.0 gram,"Pro 1009 Pro Stick Energie_kJ 2360 kJ 378 Kcal 564 Kcal 90 Kcal Fett 31.0 509 Davon gesattigte Fettsauren 15,8 2,5 Kohlehydrate 62,.2 9,9 Davon Zucker 47.8 9 9.99 Eiweil 8,2 9 1,3 9 Salz 0,04"
https://m.media-amazon.com/images/I/816q2NsFMxL.jpg,442321,item_weight,80.0 kilogram,"80 kg 1 13 STABILE KONSTRUKTION Die kratzfeste Beschichtung der 15mm dicken Tischplatte ist wasserabweisend und pflegeleicht. Die Tischbeine und das pulverbeschichtete Stahl-Gestell sind besonders stabil und bis zu 80 kg belastbar: Durch die verstellbaren Drehknopfe kannst du Unebenheiten im Boden ausgleichen und erhaltst dadurch zusatzlich einen festen und sicheren Stand; 60 cosona"""
https://m.media-amazon.com/images/I/71s8v4CEchL.jpg,929999,item_weight,38 pound,MAXTENISION Doids 9) 38 LBS 1 038 Lis Napacsspors ApacsHo |
https://m.media-amazon.com/images/I/61Zf0HbJWaL.jpg,308856,item_weight,500 gram,"VOHREcLAtIo iN dfools USA ABSOLUTE drools ABSOLUTE"" MILK MiLk I Absolutely Deliciousl MILK DHA FOR 8 weeks wt; (vIts REPLACER Added PUPPIES 'weeks Newborn Development and _ Growth = Probiotis Optimum , } Probiotics _ FOR! with _ puppiES 'Digestion 5 Hcalthy = Newborn- Minerals Vitamins = Iwith E Net = Enriched 1 500g"
https://m.media-amazon.com/images/I/61eNJ60rPSL.jpg,731432,item_weight,1000.0 milligram,"S | GM A T | M E $ ""5 IG M A FTIME S ACV AcV KETO KETO MAX OTHER GUMMIES BRANDS MA Dosage IOOOMG SOOMG Manufactured USA CHINA GUMM 3rd Party Tested WEIGHT MANAGAMEN Vegan SUPPORTS DiG DETOX & CLEA Organic IOOOMG Supply 60/120/180 30/60 GUMMY PACKAGE GUMMIES DIETARV suppLeMENT 60 GUMMFS OPTIONS"
https://m.media-amazon.com/images/I/91nZRBD0rzS.jpg,178958,maximum_weight_recommendation,125 kilogram,125 Kg Bench Load capacity
https://m.media-amazon.com/images/I/81l7rtllEuL.jpg,120219,maximum_weight_recommendation,13.0 ton,"Multiple Combination Use (2+2 Rows) for Deep Narrow Drawer 5"" 13 to 9 Multiple Combination Use (1+3 Rows) for Small Drawer 26"" _ 13"" 18"""
https://m.media-amazon.com/images/I/61oxhLxHJAL.jpg,801829,maximum_weight_recommendation,105 kilogram,CELLBELL Cz+LEJsTO A 42 cm D - 64 cm Height Sustainability 5.2Ft- 6Ft B 50 cm E - 106 cm Weight Sustainability 105 kgs C - 50 cm F 48-62 cm
https://m.media-amazon.com/images/I/71f+HGMAuYL.jpg,120219,maximum_weight_recommendation,400.0 gram,Freddo CAR TRUNK ORGANIZER SPECIFICATIONS ACCESSORIES STORAGE E EHNXeno HENDAL POLYESTER 400 GSM POLYESTER WEBBING FELT THREAD 2 oppau]
https://m.media-amazon.com/images/I/613vDp6SVGL.jpg,150913,maximum_weight_recommendation,25 kilogram,Woosh 3 Stroller COSATTO Suitable from birth to (4 years approx ) Concertina one-hand compact fold window to with one-hand auto lock: tabs on your passenger. UPFIOO+ double-tiered holder. hood for ultimate Removable bumper bar: Exquisite detailing including pockets and magic bell: Extra large basket: All-round suspension for smooth ride. 25kg Viewing keep Cup shading: COSATO
https://m.media-amazon.com/images/I/6197cNt3K1L.jpg,751532,maximum_weight_recommendation,400 pound,"Twin Size Recommended mattress size: 39""x75"" 41.14"" 6.29 78.34"" 39.96"" Ibs 400 Capac ity"
https://m.media-amazon.com/images/I/71ZWHUvAtHL.jpg,120219,maximum_weight_recommendation,201.0 gram,ttex 07
https://m.media-amazon.com/images/I/81sZPY-rrrL.jpg,933453,maximum_weight_recommendation,120 pound,REAR-FACING FORWARD-FACING HARNESS HARNESS 4-40 Ib 22-65 Ib Three recline positions For children evenfla at least 2 years old  = HIGH-BACK NO-BACK evenib BOOSTER BOOSTER 40-120 Ib 40-120 Ib For children For children at least at least 4years old 4 years old 1 SEAT; 4 MODES. 10 YEARS. FOR CHILDREN 4-120 LB eveniio
https://m.media-amazon.com/images/I/81EYZkYzgtL.jpg,801829,maximum_weight_recommendation,275 pound,Fabric Upholstered Adjustable Lumbar Support 0 Height-Adjustable 2751b Arms Quick Assembly Weight Capacity
https://m.media-amazon.com/images/I/81WpHVocFKL.jpg,120219,maximum_weight_recommendation,160.0 gram,PRODUCT DIMENSION L=1Scm W=4cm HE1Scm Weight : 160gr L M
https://m.media-amazon.com/images/I/61Z5wMKfjbL.jpg,221399,maximum_weight_recommendation,150 kilogram,"STYLE Washable Hanging cotton Swing IJhula WEIGHT CAPAPCITY 150Kg MATERIAL Washable premium salien sustainable fabric FEATURES Washable,Compact Portable & Foldable QUALITY 100 % Branded quality"
https://m.media-amazon.com/images/I/51A+Tp2-MvL.jpg,933453,maximum_weight_recommendation,3.5 kilogram,"TRIO 1 nania 440 mm 650 mm Kg 3,5"
https://m.media-amazon.com/images/I/51P4yI-NvvL.jpg,178958,maximum_weight_recommendation,11.0 pound,65in 45.07in 2.5in 4.72in 4.72in 4.72in 1 4.72in 11lbs 4.72in 7.48in 7.48in 11.02in 11.02in
https://m.media-amazon.com/images/I/71wcyfQxdBL.jpg,969033,maximum_weight_recommendation,40 pound,On the Size Name Size For Crate Floor Suggested Dog Weight Up to 40 Ibs M-Crate 30*20*2.5 inch 76x51x6 cm Up to 60 Ibs L-Crale 35*23*2.5 inch 89x58*6 cm Up to 65 Ibs 36*27x2.5 inch 91x68x6 cm Up to 85 Ibs 41*27x2.5 inch XL-Crate 104*68x6 cm Up to 90 Ibs 44*32*2.5 inch XL 112*81*6 cm Up to 100 Ibs 47x29x2.5 inch XXL-Crate 120*74*6 cm Up to 120 Ibs 50x36*2.5 inch XXL 127x91x6 cm
https://m.media-amazon.com/images/I/71233JpM+bL.jpg,120219,maximum_weight_recommendation,5.0 kilogram,[Bag-in-Bag] Stylish and Easy to Carry. Doubl  Laptops A4 paper load-bearing ipad Smartphones Mice Portable power ninG World Science Music players Water cup Card Holder Umbrella Stationery Notebooks 134569B98 0e Calculator Skg bag
https://m.media-amazon.com/images/I/61aw2QimqBL.jpg,171418,maximum_weight_recommendation,50 kilogram,Dimensions Ested EN14988.2017 6 Months Up to Safety to 5 Years 50 Kgs Certified atrablit Aian 70 cms 94 cms 47 75 cms 60 44988 8 52 cms cms
https://m.media-amazon.com/images/I/61-OOEiqhwL.jpg,801829,maximum_weight_recommendation,150 kilogram,Capacity up to Durable Water Proof Dust Proof Termite Proof 150 kgs Spider Web Inspired Design Light Weight Strong Corrosion Proof Gas Moulding Maintenance Legs for Free Steady Support
https://m.media-amazon.com/images/I/71gxObv6iDL.jpg,801829,maximum_weight_recommendation,265 pound,WHY CHOOSE US OUR OTHERS Firm & Stable to crack Load Capacity 265lb Only 200lb Waterproof Not waterproof Easy
https://m.media-amazon.com/images/I/61lT39o5V0L.jpg,221399,maximum_weight_recommendation,100 kilogram,Shape: ECO D-Shape FRIENDLY PRODUCT Weight Holding Capacity: 100 Material: Cotton Ropes with Sturdy Frame Features: Eco-Friendly & Skin - Friendly Quality: 100% Natural & of high quality Kgs
https://m.media-amazon.com/images/I/61WyVfI3-oL.jpg,704724,maximum_weight_recommendation,100 kilogram,"FEACH PRODUCT DIMENSIONS 100 KG MAX USER WEIGHT 46"" B P FEACH 24"" 61"""
https://m.media-amazon.com/images/I/51Qaj2rzMkL.jpg,462757,maximum_weight_recommendation,130 kilogram,HIGHLIGHTS 3.OHP 6.OHP PEAK DC MOTOR 130KG MAXIMUM USER WEIGHT 1 - I6KMPH SPEED RANGE 1 DURAFIT
https://m.media-amazon.com/images/I/71FiIPwu3rL.jpg,150913,maximum_weight_recommendation,35 pound,"Let's compare Evenflo Pivot Anthem Wonderfold W2 Keenz 7S Veer Xplore WEIGHT LIMIT 150 Ibs 200 Ibs 110 Ibs 150 Ibs 120 Ibs PRODUCT WEIGHT 35 Ibs 45 Ibs 32 Ibs 33 Ibs 34.7 Ibs RECLINE MODE PARENT CUP X HOLDER CHODDERP : CHILD TRAY X XL FGANOVERAGE X X  ONE-STEP FOLD ' X x ACCEPTS INFANT CAR X SEAT DIMENSIONS 37"" x 21.5"" x 25"" 30.5"" x 19"" x 16.5"" 34"" x 34.6"" x 19"" 37"" x 20"" x 25"" 45"" x 27"" x 39"" FOLDED 41"" x 25"" x 15"" 40"" x 23"" x 19"" 30.75"" x 12"" 37"" x 20"" x 14"" 37"" x 27"" x 23"" DIMENSIONS"
https://m.media-amazon.com/images/I/71tOczT+KUL.jpg,969033,maximum_weight_recommendation,100 pound,"Sizes Available 24"" xl8"" x8"" Best for pets up to 25 Ibs XL 32"" x24"" x8"" Best for up to 35 Ibs XXL 36"" x28"" x8"" Best for up to 55 Ibs XXXL 43"" x33"" x8"" Best for pets up to 100 Ibs pets pets"
https://m.media-amazon.com/images/I/81ae4Ju3wPL.jpg,751532,maximum_weight_recommendation,660 pound,"STURDY MATERIALS Durably crafted with steel tubing and quality wood, with support legs for the base Durable Steel Tubing Quality Wood 660 LBS Weight Capacity"
https://m.media-amazon.com/images/I/61sdGQ6FkVL.jpg,120219,maximum_weight_recommendation,22.0 pound,Heavy Duty Max Lod up to 22lbs
https://m.media-amazon.com/images/I/710kOV-Bm-L.jpg,120219,maximum_weight_recommendation,290.0 gram,"WEIGHT:= 100% (USIQMER SAtISFACTON Eco GUARANTEE Friendly Carabiner Adjustable Length Straps Leather edging 4 11.8"" Thickened mesh 15650 Seat bottom Bottom plate steel hook Front steel hook 290g 8"
https://m.media-amazon.com/images/I/7198e8ql2bL.jpg,801829,maximum_weight_recommendation,120 kilogram,PARTS High Quality Nylon Base Easily Withstand Weight Upto-120 kg Heavy Nylon Castor Wheels Class 4 Gas Lift with Cover Soft Padded & Fixed Arm Rest Duty
https://m.media-amazon.com/images/I/71eOhcFU5JL.jpg,488883,maximum_weight_recommendation,400 pound,Maximum Weight Capacity 400 LBS & I you can get: 1 IxLid IxBase IxFolding panel 3 1 15in/38cm 15inch 1Sinch
https://m.media-amazon.com/images/I/81d1z0Mpg9L.jpg,120219,maximum_weight_recommendation,18.0 kilogram,NO~SLo Op F 8. Sa NReUser #FUSER 30 Load capacity 18KG Won't Korld. 876 5u3 drop
https://m.media-amazon.com/images/I/71iRJQR4PsL.jpg,969033,maximum_weight_recommendation,85.0 pound,For Medium Up to 35 Ibs MEDIUM For Large Up to 45 Ibs LARGE For X-Large Up to 65 Ibs X-LARGE For XX-Large Up to 85 Ibs XX-LARGE dog dog dog dog
https://m.media-amazon.com/images/I/619GTLxFWVS.jpg,801829,maximum_weight_recommendation,300.0 pound,Maximum Weight:300 Pounds 16.5 24 16.5 18.5 17.5 19.5 25
https://m.media-amazon.com/images/I/71BE7ki-J+L.jpg,704724,maximum_weight_recommendation,100 kilogram,SPECIFICATIONS Vertical Height Resistance Adjustment Knob Cushioned Cushioned Handle Grip Seat KG LCD Maximum User Monitor Weight 100 KG Pedal Belt Drive Straps System
https://m.media-amazon.com/images/I/71-DRruLMHL.jpg,120219,maximum_weight_recommendation,20.0 pound,No drilling Strong bearing Waterproof Removable Detachable Towel Bar 100% SUS304 Stainless Steel Strong Load Capacity up to 20 LBs Fast Draining Hollow Design Easy Installation & No Tools Needed 4 Removable Durable Hooks
https://m.media-amazon.com/images/I/71DIxTZi8ZS.jpg,120219,maximum_weight_recommendation,15.0 pound,"Save Time And Effort Strong Glue, Super Load-bearing [ 4.7in No nails No drills Protect the Wall [ 15LB 4.7in 15LB Large area,Stronger adhesion Large bearing capacity,More stable 12.8in 3.Tin 4in 12.2in 4 ^ 53in"
https://m.media-amazon.com/images/I/714n8hnSrDL.jpg,801829,maximum_weight_recommendation,380 pound,"380 UV LBS WATERPROOF RESISTANT 37.2"" 12"" 66"" 77"" 22.8"""
https://m.media-amazon.com/images/I/71Ecc5cyWYL.jpg,179080,voltage,48.0 volt,750W GEARED HUB MOTOR 48V 6OAH 1200W 28+MPH 7 Speed Peak Power Max Speed SHIMANO Gearing
https://m.media-amazon.com/images/I/61fsn7HckoL.jpg,271537,voltage,12.0 volt,"0 NCkksk 3) asna&wntt nokt Haecel 70-69ld Laenntecon Qaljaloua  a51rgk awyo""- awna"
https://m.media-amazon.com/images/I/71IW6BBpoLL.jpg,179080,voltage,48.0 volt,48V22.4AH Large capacity lithium battery _ B overchargeProtection overvoltageProtection overreleaseProtection charge control OvercurrentProtection Equilibrium Function TemperatureProtection ShortCircuitProtection XuLbuo 1
https://m.media-amazon.com/images/I/61UGyk6-YBL.jpg,641642,voltage,2.0 volt,Gowun 3 1 Ju Guut? - Guu: Gurnt @ 8 0 8
https://m.media-amazon.com/images/I/61T6t4mJf7L.jpg,752266,voltage,240.0 volt,"23,37S117 20ELiL Minisun LED Bulb 3W RoR U U LED G9 Bu Mnisun LEDeub 1 Mettdei 4 0 0 1 0 1 0 Light  Bulb"
https://m.media-amazon.com/images/I/61LOMP3wjXL.jpg,501250,voltage,220.0 volt,PRODUCT PARAMETER INFORMATION 18cm 1Ocm 15cm NAME MATERIAL AREA AREA PTC DESKTOP HEATER NYLON + FLAME-RETARDANTI 10-25M2 ABS MATERIAL SCENSCENARIO RATED POWER COLOR HOME / OFFICE 650W/1000W WHITE _ INK GREEN RATED VOLTAGE WEIGHT RATED FREQUENCY ACZZOV 0.8KG 50/60HZ
https://m.media-amazon.com/images/I/51nGGMEA1EL.jpg,986984,voltage,"[100.0, 240.0] volt",1 W U ; H 6 8  1
https://m.media-amazon.com/images/I/6137V9yR5ES.jpg,179080,voltage,50.4 volt,DIY MOTOR INTRODUCTION A B D E Motor model: MM G321.1000.C Pin A 215.94mm Pin B 153.89mm Pin € 68/100mm Rated power (W): 1000 Pin D 174/191mm Rated voltage(V)- 50.4V Pin E 59.6/75.6mm Rated efficiency: 275% Tests & Certifications No-load current: 1.6A Waterproof: IPX5 Rated current: 27A Certification: UL / ROHS EN14766 No-load speed: 162+10RPM IEN14764 Rated speed: 132+8RPM Outdoor Temperatures: -20'C~458C Rated torque: >75N.m Relative Humidity: (15-95)%RH Maximum torque: 16ON.m Salt spray test standard (h): 96 Chain ring: 46T Function Axis speed sensing: Speed Sensor Pedal/Throttle Assist: YES Noise (dB): <55 E-brake: YES
https://m.media-amazon.com/images/I/61fqkKfVDDL.jpg,641642,voltage,12.0 volt,How to use it ? Installation b: in the groove a. by a clip include in the product) 3 fix the clip by a screw put the clip into the groove fix the strip light fix the light You need a driver for the light (Included in the product) DC 12V /5A power driver: SWICHDOMER A @@-*t Z 12V D 0i8 C6 Ha odd Faaonn The product has a DC input
https://m.media-amazon.com/images/I/71oOizJNIlL.jpg,983323,voltage,6.8 volt,"22.13330 2.8,-1-16-9t813690 Vo.6.7-1-16-9t81369b GPU 66%0 GPU 81 %C 1555"" 94 1528* 9 6' CPU 551 7o20 CPU 2483"" 2.8 2408 12 CPU"" 2M1 CPU"" 552 CPU"" 245 CPU"" 2758 CPU 0 2465 CPU 207 cPU"" 2461"" CPU"" 501 Caa cPU' Tan CPU 2u2 CPU"" 241 CPU? 242 CPU' 2M71 cPU"" Wa 82 VaAU BnL 28.0"" 05u Ie FAl 5900, FSA Vk0z0 40is 24.2"" Hn U E Hanin TEM After use Before use 18.8.7-3-16 Vo.6 . 79t81369b 63*0 V.87-3-16-pte136* ~9t813690 GPU 441399"" 6.8"" veue '709C 0416 81 %C 41402t 73' 4383"" CPU 32388 678ER74 291 02 8 ERTUR CPU 9188+ '0 PErTuRi 3047""2 ""3128 CPU"" 385 3053 ~cPU"" 193 3016"" 278 CPU' 2868 44% 3190"" CPU"" 14% 3002 CPU' 39 Cpu? CPU' U CPU? 2 373 % 205 CPu"" 3zhi 22 CPU' 3i CPUs 9 2966' CPU"" 3und VAM 96 0.058 2897 CPus 28 27/86' 8510 489 2948- BAII B0332 VRAM 6.0610 0_0618 8618 0618 FAN 5272 RAM 247 2570""' 7618 FSR 606] BAII Vn 00:21 RAM '32% 08528 VULKAN min BATT WW Tam Innt FAN FSR 6063 16.75 FAN 16 75 Jei Sr 10 minutes 15.05 minutes Before uS The maximum temperature drop in the game test is more than 15 CPl CPU 3016 CPU' CPU? 1n 3010 CPU"" 38 CPU? 3128 cPU? CPU' CPU"" 2018 CPUs CPU? CPUs CPU? 3 VrAM 53630 4739""8 60m3"
https://m.media-amazon.com/images/I/81TsCoMjjhL.jpg,752266,voltage,1.2 volt,T2 IFF E 7 1 1 g 8 8 0 + 0 [ 8 : 4 [ 2 4 E 2 3 1 1 < L 1 9 J ! 3 8 1 1 8
https://m.media-amazon.com/images/I/814RQvzAWJL.jpg,140266,voltage,20.0 volt,"2 0f ~Liqht ""Ce ~AquarIUU Vade #FGI400/F014800 ~AUTO DCz0Y 24n7 ltato? ~SVART [ odle Irout P0"
https://m.media-amazon.com/images/I/61IasPKdUUL.jpg,271537,voltage,7.4 volt,"TECHNISCHE DATEN LLP TECHNIK KOMPETENZ Batterielaufzeit max 60 min Battery runtime max Batteriekapazitat 4.000 mAh Battery capacity (7,4V/3,6 A) Leistungsaufnahme max 27 Watt Power max Fordermenge max 3.600 Vh Flow rate max Eintauchtiefe max 3 m Immersion depth max Ladedauer 4 -5 h Charging time PoolgroBe 50 m: Pool size Filterleistung 100 Filtration performance Gewicht (brutto) ca. 3,8 kg Weight (gross) um"
https://m.media-amazon.com/images/I/81DwTHefZ8L.jpg,752266,voltage,"[220.0, 240.0] volt","Brand: Sentasi LED CEILING LAMP Model SKCL-3oO/T LED 24w EnERG# 3000-6500k ZHOHGSHANSUHKA LIGHIZNG TechNOLCGY Co, Lid 220-240v 50/60Hz SKCL-3o0/T 280 250000 Hrs TESmort GmbH Huumor REP Rolnbakor Wca 72 [ril Obergaschoss 21029 Hamburp Gormany +49 15216651254 Emall schauvaglgnx do D DONGHUNIDU LTD Addtorst REP BLOXCIDGE STREET U2 OLDBURY Unitad Kengdom; E1 OSG zmiam ouzhoudonnhala cutcokcom Manuloclurot ZHONGSHAN SUNKA LIGHTING TECHNOLOGY CO_LTD AAdoess Anontof Bouyi Lano. Hua'un Eus Rond Caosan Pionaor Por Zhongshan Crty; Guangdong Provinco, Chlna (€ & FC Rh/1oooh I Made in China"
https://m.media-amazon.com/images/I/61LzJOrfhkS.jpg,271537,voltage,"[220.0, 230.0] volt","1 Hz L VJar 16 (8)A Iz bar max 65 ""C ( Iniol idromats '220-230v 110-115 , 50-60  max Max IP65 Icalpeda' made /"
https://m.media-amazon.com/images/I/71fqYj58PUL.jpg,648011,voltage,"[220.0, 240.0] volt","PHILIPS personal wireless hue lighting White color ambiance GUIO hue white and color With alexa works with Ok Google with Goog"" aPp satlp lumen 80 2305 4.3W 043' eeterorat yew trm eiNeia atinatat acvnd and attga hebteet  eaoet aw nbeor a Waren Aere ( Ytett Rtrntd Ptek"" Anttanbtdsd Koat Laeattle tet 1 Sea 1 Latatedeeditde 350 Lnoe gtettwatetnt PHILIPS SeOeries Sttratt eewiske trais Ftr 1  oetttowneetteatte ) Perxortrs ttetoi Loayedenntrsrt 0 e GNe _. Kales Vet ( Stekrt4tnny 1 nttotart 1 1 Works Ndvt 1 Jrcvt Wwbowt Home samlars = 9 1 8 3 4000k 1 350 2700k 1 lumen CRI: 2 L9o"", 6500K 1 2oook LED; 1 50/60Hz 220-240V- 8"
https://m.media-amazon.com/images/I/91gVDHhWFbS.jpg,752266,voltage,40.0 volt,2o PHILIPS Size 4Ow Clear For Best Effects Use Incandescent Bulb PHILIPS Compact 40w Clear Motptilipicoin Philips E-27 Bulb Included With This Light For Reflection Effects Install Close To Wall Or Ceiling NwiuPs ` Compact Lujut Lute
https://m.media-amazon.com/images/I/61aTBe5Qf+L.jpg,860821,voltage,"[110.0, 240.0] volt","SPECIFICATIONS Duct Size: 6 INCH Airflow: 402 CFM Power: 62W + 5% Noise: 32 dB(A) Fan Speed: 3000 RPM Voltage: Ac 110-240V Spider {{Farmer 8.26"" 5.12"" 12.4"" Power Cord Length: 4.9 ft Fan to Controller Cord Length: 8.2ft"
https://m.media-amazon.com/images/I/715qJ1Xr3tL.jpg,752266,voltage,"[110.0, 120.0] volt",19.5cm/7.Zin Detailed Information US LISTED' Intertek 30cm 11.8in Not included Blub Voltage 11OV-120V Color Temperature 2700k Warm White Clear Glass 100% Aluminum Moxancgers8; Standard E26 Socket
https://m.media-amazon.com/images/I/61lX5rcGMnL.jpg,752266,voltage,240.0 volt,"EASY INSTALLATION 70-8Omm 5Omm 95mm 70-8Omm No transformer required, Put thelight into the Cut ahole in the ceiling connect directly to AC 240V installation completed hole,"
https://m.media-amazon.com/images/I/718IvW0MJ-L.jpg,983323,voltage,120.0 volt,"Specifications 5 4 L 3.73""W Dimensions: Size: 14.9""L x 4.15""W 3.23""H Motor RPM: 3000 Volts: 120V Power Consumption: 31W Frequency: 60 Hz Aarranty: 6 Months { 9.57""L 12.5"" 14.9""L L"
https://m.media-amazon.com/images/I/71JrGDtAxtL.jpg,271537,voltage,12.0 volt,8 1 4 1 ) 0 1 1 8 8 1
https://m.media-amazon.com/images/I/51MOTjuWAbL.jpg,271537,voltage,"[3.5, 9.0] volt",USB-1020 DC.3.5-9V 1-3W Hmax.0.4-1.5m |0 ( € Qmax ZOOLIH Caution Read the instruction Carefully before usingl Made In China
https://m.media-amazon.com/images/I/71B8orw6S3L.jpg,752266,voltage,0.6 volt,"6500K Super Bright ICCY 3Yt IEC S7(YZW) 3o0/500v ay Oam 3476013 Ddue 2600 LUMEN 180?Adjustable Stand 42 LEDs Super Bright High Efficiency and Energy Saving Cut 60245 Aiva zo0/5nn"""
https://m.media-amazon.com/images/I/819iD1yyHgL.jpg,746096,voltage,5.0 volt,"501496501 ~PP< REMOTE IR IN VIDEO IN - HPs8_ LR USB 500 mA MAX USB 2 500 mA MAX HOM IN >PP< 8se 501216001 CABLEI (OPTICAL) RS-232C (eARCIARC) USB ANTENNA DIGITAL 900 mA MAX LAN # AUDIQ QUT REMOTE HPMI IN Dolby; Dolby Vision, Dolby Atmos Dolby Audio, and the double-D symbol are tradernarks of Dolby Laboratories. Manufactured under license from Dolby Laboratories  For DTS patents, see http: / patents dts com."
https://m.media-amazon.com/images/I/61H3LougGeL.jpg,709627,voltage,7.4 volt,"Perfect Size BAOFENG Li-ion Battery 74V 3800mAh/28.12Wh MODEL:BL-5 VSe Specified baofeng charGeR Only  ThedAMAGeOr PLACEDinThe Fire Wight EXPLodE DoNQI ShoRT circuit; NoT DISASSEMBLE Bacfexg electroyco Ltd Tcho'[ X 0 4.9"" 2.1"" 1.1'"
https://m.media-amazon.com/images/I/71EbVFk-iyL.jpg,179080,voltage,36.0 volt,REES 250-W-Motor 36V/18Ah Akku Shimano 7 F20 PRO IP54 70-90km 25 km/h Wasserdicht Elektrischer Modus Geschwindigkeit Faltbares '150kg Rahmendesign Belastbarkeit 1
https://m.media-amazon.com/images/I/71qnOeq3MnL.jpg,306956,voltage,0.6 volt,"Temperature Control Switch: Freedom to control cooking time MIN Jxo.7smm' Chonoe Two-tier Design: The upper layer is fried, the lower layer is grilled Sooisoou"
https://m.media-amazon.com/images/I/71BJqwVw0gL.jpg,648011,voltage,120.0 volt,"0 Eyecomfort Dimmable no flicker; no humt PHILIPS Gradable PHPS sans papillotement; sans bourdonnementt Dimmable LED DEL Gradable Daylight _ Lumiere du jour (SOOOK) replacement remplacement 55w LLED / DEL CRI 90 les couleurs naturelles IRC 90 PAR2O Indoor PARZO ight Flgkt 500 See sice for details Lumens Tensign   1zo used sur levolet arnere consommee 5a55 Lite Wetts Duree de vie   RG OOO"" / Heures LED PHILIPS 5Ow Shows Natural Colours Montre d Flood faisceau large Output interieur tevetse Voltage lumineux Detalls Energye Houts"
https://m.media-amazon.com/images/I/81hxo-m27eL.jpg,641642,voltage,5.0 volt,IP6s Waterproof 64 8 HS uv SE Cut along maark Clean the surface Tear and attach
https://m.media-amazon.com/images/I/71UgP5ecB5L.jpg,271537,voltage,24.0 volt,"Aulomatic Power lght Sell-start  When the water pressure is too low and the aulomalic mode cannot operate normally, please switch to Ihe self-starling mode. M 8 Permanent magnet DC 1 Hh Y U 1 Booster pump W L 6 1 W HH Voltage: DC24V Protection classIP56 Wu Rate current DC42A Insulation class : H Flid tenperature O6SC   Oullet dia: ! VS "" D 1 1 1 1 1 1 0 1 1 1 1 1 1 1 Mt24-25-100p U 1 :ISmm Ic€"
https://m.media-amazon.com/images/I/61Eln8U+G9L.jpg,186035,voltage,12.0 volt,"AC 8 Houg I88. Coc DC FuT et ( I2V/10A US8 DCI PD &ow Inpul [,30*2 DC 12V-2AV J2v '34*3 230v/6oow MAX DC2 36"
https://m.media-amazon.com/images/I/81rPRyMts-L.jpg,267182,voltage,12.0 volt,MULTIPLE MODES TO CHOOSE FROM Max ECO Fast Cooling Energy Saving MARM OFf WARM COLD CAUTION 1alts [commcnccoto Wulprc'Coo cO EGO MAX [ood Jnd Beeraees mnto thc Mtnl Fnieminicetriecntor dClrccd (ood; it only kecps hot focd 3t 1 Yarm tcmncratl (C  covcridn Decen Model: MFA-10L-C hlerlek A2v 3 € AC ( Jee. 0
https://m.media-amazon.com/images/I/81QU50gwNUL.jpg,179080,voltage,36.0 volt,HYERBK Durable Aluminum E-BMX Frame 36V / 2501 Electric Motor Integrated Flush-mount 36V / 10.4 AH Battery with Lock and 2 9 8 0 1 4 Key
https://m.media-amazon.com/images/I/51oD-FAggcL.jpg,709627,voltage,1.5 volt,AA2 BPL) USB PECHARGEABLE Warrantya AABATTERY Vedr JOO mAh /1SV 1 1 V YW 1 3
https://m.media-amazon.com/images/I/61BrCr00RbL.jpg,641642,wattage,1000.0 watt,E27 Waterproof Lamp Holder Chandelier (Bulb not included) 5M 10D E27 IP54 30cm 25cm 50cm 25cm Collegabile con altri su 1OOM pari a 1OOOW RECOMMENDED LED S14 BULD
https://m.media-amazon.com/images/I/91AOQ-XaT4L.jpg,752266,wattage,30.0 watt,"LED Ceiling light ECIREP TESmert GmbH WARNING(EN): Address: Do not touch or approach combustible materials Reinbeker Weg 72 Erst Obergeschoss 21029 Hamburg, Germany WARNUNG(DE): Tel : +49 15216651254 Beruhren oder nahern sie sich brennbaren materialien: Mail: schauva@gmxde AVERTISSEMENT(FR): Ne pas toucher ou approcher des materiaux combustibles Product name: LED Ceiling light/Deckenleuchte AWERTIMENTO(T): Voltage: 110-130V 60HZ0] 220-24V 50Hz[] Non toccare 0 awicinarsi a materiali combustibili. Wattage: 30W ADVERTENCIA(ES): Manufacturer: No tocar ni acercarse a materiales combustibles ""Jiangmen Pengjiang aizhijia Photoelectric Technology Co , Ltd Address: Room 505, floor 5, college students' Entrepreneurship and employment incubation base, No 6, ChaoLian Avenue, Pengjiang district, Jiangmen City IC (620@ Tel; : +86 15602950103 PAP Mail: zed_ybs@outlokcom MADE IN CHINA"
https://m.media-amazon.com/images/I/71RYnyvGx1L.jpg,955292,wattage,120.0 watt,Extensive Compatibility USB C male to USB female converter 35 6A 8 Keyboard Mouse Game Console USB Flash Drive Camera Printer Hard Disk Projector delete MAX 120w E enter 1 '120W 1 'MAX
https://m.media-amazon.com/images/I/71aiiioQAAL.jpg,752266,wattage,100.0 watt,"Height: 12"" (umol/m?/s) 230 341 400 335 232 359 544 736 552 348 J 425 752 928 745 410 350 395 440 485 530 575 620 665 710 755 800 C1OOO PPFD MAP 369 558 742 555 355 Power draw : 100 watt 283 338 412 331 226 High PPDF : 928pmol/m?/s test in a Zxzft Grow Tent 2ft (60cm) Height: 14"" (umollmz/s) Height: 18"" (umollmz/s) 288 380 411 391 298 386 412 430 419 377 422 550 613 542 431 413 431 451 438 422 7 443 626 768 638 459 ] 465 505 550 498 455 416 546 615 535 422 403 436 445 430 413 292 382 406 380 282 378 408 422 403 370 2ft (60cm) 2ft (60cm)"
https://m.media-amazon.com/images/I/81TxDtK1ztL.jpg,179080,wattage,250.0 watt,70 64 Ia 02
https://m.media-amazon.com/images/I/713YtTGT--S.jpg,318770,wattage,2.0 watt,Different Mode Different Experience axh P-2l+2w laxpl Mirror mode Extended mode Two screens synchronized Two screens display different screens Suitable for sharing and display Worklentertainment
https://m.media-amazon.com/images/I/71OKzP48JpL.jpg,318770,wattage,60.0 watt,XYzYZ USB-C TO USB-C SO1V FAST CHARGING CHARGING CABLE UP TO 480MB/S TRANSFER SPEED 4 ANTI-ABRASION NYLON BRAIDED MATERIAL UP TO 60w FAST CHARGE
https://m.media-amazon.com/images/I/71pJNlAzg8L.jpg,752266,wattage,100.0 watt,Super Bright Flood Light 100w 8OOOLM 6500k
https://m.media-amazon.com/images/I/71JrydC-GvL.jpg,318770,wattage,240.0 watt,"CHARGE YOUR MACBOOK IN A FLASH your Upto 2H 240W MACBOOK PRO 16, SUPPORTS 1OOW PD Fully charge Macbook Pro 16"" delete UP TO"
https://m.media-amazon.com/images/I/71UZUvWl2VL.jpg,318770,wattage,2300.0 watt,"HOZV-U C€ 1,5 25 m 2300w maxi IN REF: 110345 E877380 12m0253 deBFX mm?"
https://m.media-amazon.com/images/I/71OvkFobjTS.jpg,318770,wattage,18.0 watt,FAST CHARGING SUPPORT min 30 PD Charging 50% $ StandardCharge 20% +18W USB C PD charger is needed not included
https://m.media-amazon.com/images/I/61AD3hhgwRL.jpg,752266,wattage,6.0 watt,6W 4CM F 8CM 17CM
https://m.media-amazon.com/images/I/61iR2+DN2vL.jpg,746096,wattage,50.0 watt,"BRAVIA Fernseher Vergleich 2022 Modell A8ok X9oK X85K Bildschirm 55"" / 65"" / 75"" 50"" / 55"" / 65"" / 75"" / 85"" 43"" /50"" /55"" / 65"" / 75"" / 85"" Bild XR XR Seenntt Kontrast OLED {xb TRILUMINUS Farbe Triluminos (ru Triluminos |ld Acoustic Acoustic X-Balanced Surface Audio+ Multi-Audio Speaker Klang Bildschirm als Lautsprecher Dow Zw 5Ow 425S Penfelt Tur Faystationt 5 5 Filme zum Einlosen 5 Filme zum Einlosen BRAVIA CorE 12 Monate unbegrenztes 12 Monate unbegrenztes Streaming Streaming Hey Google Hey Google Hey Google Sprachsteuerung Freinandige Sprachsteuenung Alrau"
https://m.media-amazon.com/images/I/612blo+TdmL.jpg,318770,wattage,100.0 watt,@ 1 1 3 Bplde Wint' Bo 81k BK cepHz Video Qutput 40 Transmassion Spetd J0o # Pd Icuw
https://m.media-amazon.com/images/I/71lag2DRsNL.jpg,179080,wattage,250.0 watt,POWERFUL & EFFICIENT RIDING SYSTEM 250w 201PA 6-SPEED DIRECT DRIVE GEARED MOTOR TOP SPEED SHIMANO GEARING
https://m.media-amazon.com/images/I/61rfSV5U3xL.jpg,318770,wattage,100.0 watt,| USB-C TO USB-C 1 1 1
https://m.media-amazon.com/images/I/71UrrHz3yXL.jpg,318770,wattage,27.0 watt,Supports 27W Power Delivery 35Min 80% (phone 13/14) Note: USB C PD charger is needed(not included) 809 Charged
https://m.media-amazon.com/images/I/71zzbWwTY4L.jpg,752266,wattage,150.0 watt,"2 Wattages 200w Switchable Easy to select the suitable wattage during installation, to satisfy different brightness demands: 150w 150W 200W 22500lm 30OOln"
https://m.media-amazon.com/images/I/715hJOfBUOL.jpg,641642,wattage,24.0 watt,9448A 9448A 3M Doublc Coatcc aM Double Coatec Input: LED ideg 2SSIL pJjeo) Jinnod deL anSSIL pajeo) Jinnod V8v+6 V81+6 Light Mex24w 12VDC
https://m.media-amazon.com/images/I/71Sok4S9uVL.jpg,752266,wattage,60.0 watt,3-Light Vanity Lighting Fixtures 3 High-quality 60W MAX 120V Anti-rust
https://m.media-amazon.com/images/I/61ZWLbkfdGL.jpg,955292,wattage,3.0 watt,D a 3 0 O 4 4 0 R 74 <8 LS Frenr Or7s Esc AeS Lock Caps Shift
https://m.media-amazon.com/images/I/51dXQshOCAL.jpg,318770,wattage,100.0 watt,Type-C 3.1 Gen2 Cable 1OGbps 10OW E-Marker 4K Data Transfer  Fast Charging| Chip Design 4K@60Hz JSS 88996 SSS 54896
https://m.media-amazon.com/images/I/719rKIJHZvL.jpg,318770,wattage,240.0 watt,Transfer Files in Seconds Yet Fast Charging E #To achieve 240W fast charging for your devices Recommended work with PD3.I charger #Data based on internal testing Actual results may vary: {vai m Wa ea Tfin Heate 10mc #amt Cebon ETUT 50 L0041 00570mn Drlm
https://m.media-amazon.com/images/I/81tpKG4WIzL.jpg,276700,wattage,45.1 watt,"Whats thhe difference? Transfer true angle to Get 'true"" angle miter C ut Or Single cut angle ~ > 6 CemRed 82305 digital angle finder MPO1 digital miter saw protractor 130 140 8 w/O 3 5 8 8 1 pab : as00^"
https://m.media-amazon.com/images/I/71YEZgg2+TL.jpg,318770,wattage,18.0 watt,HOW TO FAST CHARGE? Original wall charger Computer USB Port of your phone FAST CHARGING REQUIRES ORIGINAL ADAPTER OR QC ADAPTER Samsung Galaxy S20/S20+/S20 Ultral Note 10: requires a QC AFC protocol charger with a 18W USB A port (The origina charger is a PD fast charging with a 25 W USB C Port) terrr 708 Charoing Fasl uceees
https://m.media-amazon.com/images/I/71eLqzLioDL.jpg,318770,wattage,100.0 watt,Time- Saving Rapid Charging 2h Time h ipad JSAUX 1OOW Other 18W 3x JSAUX
https://m.media-amazon.com/images/I/61+Ok63RnvL.jpg,892291,wattage,20.0 watt,2USB+2PD 4 Holes To Meet The Charging Needs Of Multiple Devices SPEED UP 99% 4 Qc Fr8 96 AR 26 les 3 1884 PDzowv 3 2-adk1 PD20w Charge 0 6 8 2 1 0 3
https://m.media-amazon.com/images/I/71-RCxmx8jL.jpg,412008,wattage,2400.0 watt,Original Part Number G466-2400-W1
https://m.media-amazon.com/images/I/61KzQznZq6L.jpg,318770,wattage,240.0 watt,240W Super Fast Charging
https://m.media-amazon.com/images/I/61iPPiH3B6L.jpg,892291,wattage,88300.0 watt,1 4 Ua 1 1 1 8
https://m.media-amazon.com/images/I/71XS7bTu0xL.jpg,124643,wattage,30.0 watt,Steps of Ozone Generator Working Ozenic (Generator oc DO NOT ENTER Step 1 Step 2 Step 3 Step 4 Makesuretocoseall Turn tmingSwitch Human andpets Pleasewaitfor 30-60 doorsand windows; toset how long needtoleavethe minsbeforeyouget andthen connect wanttoopen room when the backandopen the you thepowersocket the ozone generator machinei5 working doorslwindows
https://m.media-amazon.com/images/I/51T5Y1mHAoS.jpg,318770,wattage,100.0 watt,8 1
https://m.media-amazon.com/images/I/61mM7nC1MeL.jpg,955292,wattage,0.75 watt,"Garlinkit UZW Plus With CarPlay Upgrade the original car wired CarPlay to wireless CarPlay; Plugeplay: Non-inductive connection; Faster cornection; Support OTA upgrade; Continue the operation of the original cars buttons; knobs, MIC etc Huizhou Yunlian Technology Co_Ltd. Tel: 400-930-3035 Wcb' W carlinkit com Name; Wired to Wireless USB Adapter Model: CPC?OO-Uzw Pius Powver DCISV 0.75w Cannectivty; WFt 802 Ilalblg/nac 2AGHZ+SGHZ DimensionsMWlcight BOx4brISmm/349 3 15*1.81*0 51 inchv/| 2oz Opcrating 0 C-60 C 32 F-I40 F Support Phone: iPhone JOS I0 Support Built-in CarPlay(USBI C€ Fe RoHS Fcc DZATC? CPC?00 CMIIT ID ZOZOAPIABIo  Datutooth ODID 180Y9S R210-181444 CCARZILP207013 972 8 5456 0 0 ! 0 Temp; Car"
https://m.media-amazon.com/images/I/61c5GzloD-L.jpg,957050,wattage,15.0 watt,@N Kan 1 )Spotify INetflix |
https://m.media-amazon.com/images/I/71Sq852ZVZL.jpg,892291,wattage,3.0 watt,Universal Compatibility NoA 0 3N Mak For Swpeuptounlock 10:17 5W Earbuds For WNireless ` For Wlatc Uktralehie rlelelelrll Niok 15WN 14/13/12 series with iPhone model` For other Case Mag-Safe S
https://m.media-amazon.com/images/I/51B-mBrEfmL.jpg,949192,width,64.0 centimetre,64 cm 45 cm 10 mm Vollmaterial 90 cm 80 cm 8 mm Vollmaterial robust stabil freistehend 8 8
https://m.media-amazon.com/images/I/51-mvdOIoqS.jpg,648011,width,13.0 millimetre,78mm 13mm 1l8mm 5
https://m.media-amazon.com/images/I/51OIagHsGLL.jpg,521194,width,105.0 millimetre,"MINI  nuary 2023 Friday 6 fiLOFAX hany WEEK ON TWO 2023 PAGES DIARY ENGLISH Saturday 7 See reverse lor layout Sunday 8 Price Code. CB (UK Only) REF. 23-68121 Fdleoa 5 059145""484768' REF: 23 68121 MADE IN UK Paper: white 8Ogsm Print: Black Bluo Sheels: Size: 67mm Iosmm ] 57286""84273 wMnfilofox com diary"
https://m.media-amazon.com/images/I/51eOmzIAUZL.jpg,146860,width,4.0 centimetre,73cm/2. 87in .8cm/4.2Sin 710. ZcmTT. 37in
https://m.media-amazon.com/images/I/510Zf2peXgL.jpg,392533,width,3.0 foot,"3 11 26"" 4"
https://m.media-amazon.com/images/I/51O7zWZdgVL.jpg,966823,width,16.0 centimetre,1 22. J (6.3in Scm/8.8 I6cm/e .86in I9cm/n.48n 13.5cm/5.31in
https://m.media-amazon.com/images/I/61EvKrDrzmL.jpg,119607,width,20.0 centimetre,#Strong & Durable 8 Iron Plate = 9 *Pre-drilled Holes BEN Y for Hanging secreIoFthE Omnirix 20cm / 7.9in Easy
https://m.media-amazon.com/images/I/51beSMu2ivS.jpg,758128,width,3.0 metre,2 m 3 m
https://m.media-amazon.com/images/I/41r4SpZtveL.jpg,358831,width,7.0 centimetre,Total length 500cm/197in 7cm/2.8in
https://m.media-amazon.com/images/I/51ku56CucSL.jpg,347320,width,3.0 centimetre,3cm/1.18in 6 5
https://m.media-amazon.com/images/I/61CLe9kIN7L.jpg,311997,width,49.6 inch,"17"" Tdustcl 17"" 49.6"" z0lb Large Size Shelves Antirust Paint Charcoal Burning 2olb carketipo JNizALAAO"
https://m.media-amazon.com/images/I/61Bv5+rR-fS.jpg,416664,width,11.0 centimetre,"1 Press and hold the for 3 seconds 1 to turn ONIOFF click the key to adjust the 7 colors 4.3"" 11cm Micro-USB charging design key 41"
https://m.media-amazon.com/images/I/617Ne3CPxqL.jpg,347404,width,20.5 centimetre,"0.6""(1.6cm) C 0 1 8.1""(20.5cm)"
https://m.media-amazon.com/images/I/51-wqywJEaL.jpg,403664,width,5.0 inch,8cm/3. 1in 8 8 3 14cm/5.5in
https://m.media-amazon.com/images/I/51xwelVfExL.jpg,470067,width,53.0 millimetre,7Omm 8 O5mm 8 1 42mm 53mm 0 J 83mm
https://m.media-amazon.com/images/I/51BNB2Xf9dL.jpg,119607,width,55.0 centimetre,18cm (Z)in Inn-?-Hlps] 55cm (21)in 8
https://m.media-amazon.com/images/I/611o0GuhTKL.jpg,849273,width,66.0 millimetre,91mm 96mm 91mm imt SAFE BAG #rNoret Eattery -AFeea3 (Vavic Win/ 2PC {crnmenn 3PC Hu F ALa Zmm gomm I6mm G6mm I6mm 16mm sunnyirfe sunnyrfc Toruac TorMavic MINI ForMavIC MINI MINI FOR IPCS BATTERY FOR 2PCS BATTERY FOR 3PCS BATTERY Sunnyrfe Sunnyi fe sunnyife MINI MINI FOR M4AYC#RM J4f *r0 BATTERY 4060R Bj Wr2
https://m.media-amazon.com/images/I/51WZII2FZ+L.jpg,292475,width,8.0 centimetre,3.7 cm 3.2 in 8 cm 3.2 in Pb HANDMADE STACKABLE DISHWASHER MICROWAVE LEAD - FREE SAFE SAFE If you have bougt a set but later have broken one of your bowls; contact us and you can purchase one bowl to complete your set again: 
https://m.media-amazon.com/images/I/611r8r+u1UL.jpg,725436,width,6.35 millimetre,"July 11-12 Infrared receiving window 6.35mm headphone jack Function Knob Display screen S.M.S,L CZOOJ 4.4mm balanced headphone jack Bluetooth Input Optical input RCA output CZOO hiGh RESOLUTION USB DAC OPICI (SB COAIU RCA URS ~AC inOD-240V WPUJ QUIPUD AC Power Input USB Input TRS balanced output (AC1OO-240v) Coaxial input"
https://m.media-amazon.com/images/I/515hLgtEGWL.jpg,783898,width,5.0 centimetre,S Scm 7cm
https://m.media-amazon.com/images/I/51s5SaVOZWL.jpg,752266,width,10.0 inch,"LED LED 3 Ceiling Spot Lights Jahre Garantie LIFESPAN: 30,000 Hour Xmax 54W incl: GU1o [Pl20 LED GU1O 220-240V AC 50/60 Hz 4x"
https://m.media-amazon.com/images/I/61AxhMJnfdL.jpg,292475,width,18.0 centimetre,4cm m 4.Scm 12cm 5.Scm 14cm 6cm 6cm 18cm 6.Scm
https://m.media-amazon.com/images/I/51fukpgF3YL.jpg,149159,width,40.0 centimetre,[bzzL `  #lttFW) tzth774-7 h&5t6) +tz 17cm 40cm 28 cm
https://m.media-amazon.com/images/I/41F9p9WL7BL.jpg,126471,width,90.0 centimetre,75 cm Hohe 35 cm 90 cm 35 cm Seitenfluigel Betteinlage Seitenfliigel
https://m.media-amazon.com/images/I/51UsXuOgh7L.jpg,576154,width,25.0 centimetre,"MASTERCLASS 25CM / 10"" 1 7 35CM / 14"""
https://m.media-amazon.com/images/I/6147BkwKaTL.jpg,752266,width,25.6 inch,"We provide services to customize chandelier as hanging style. H 98.4"" Please contact us if necessary: D 25.6"""
https://m.media-amazon.com/images/I/51C5fHrqsIL.jpg,237000,width,60.0 centimetre,in 24-39 in cm) (60-100 cm) 3-4 in (8-10 cm) 12 in (30 cm) 12-20 (30-50
https://m.media-amazon.com/images/I/51rOI4bvgkL.jpg,150535,width,4.13 inch,"0.79"" 4.13"""
https://m.media-amazon.com/images/I/51FEtt00KSL.jpg,449805,width,75.0 centimetre,Extra Large Standard 8 3 Naturehike Miturch 75cm 85cm 1 BAG 1 BAG IEEr4 29cm 31cm
https://m.media-amazon.com/images/I/51V8+LytHaL.jpg,558806,width,6.5 inch,6.5 inch 52023 | Qovaia]
https://m.media-amazon.com/images/I/51fJ3jcQQTL.jpg,478357,width,24.1 centimetre,"9.5"" /24.1cm m DESIGN 22.02"" 55.9cm 9.5"" /24.1cm"
https://m.media-amazon.com/images/I/51rlXPd+cSL.jpg,826444,width,11.5 centimetre,"( 1111,5 cm RSSDOSNC= 7 ("
https://m.media-amazon.com/images/I/51KJErs3DGL.jpg,430434,width,73.0 millimetre,9 73mm 1O6mm
https://m.media-amazon.com/images/I/5118frbbQXS.jpg,931247,width,90.0 centimetre,90 cm 50 E cm
https://m.media-amazon.com/images/I/614yUXjWSJL.jpg,205842,width,9.0 inch,Hanging Board Length: 48 cm/ 18. 9 inches Width: 24 cm/9. 45 inches We i ght: 1 kg/2. 2 Ibs Imitation Leather 37cm/14.56inches Stainless Stee| Outfit:Aluminum al loy 35cm/13.8inches 15cm/5.9inches
