image_link,group_id,entity_name,entity_value,keras_ocr_text
https://m.media-amazon.com/images/I/61+40BOJSQL.jpg,574059,depth,33.0 centimetre,size a4 23cm 33cm
https://m.media-amazon.com/images/I/516pgePFERL.jpg,573063,depth,7.1 inch,product size planner papes just for you sotation your pamner cus o e o e o o 3in always  f be unicorn a o o olun sces blck gir coa 4 38in 21n
https://m.media-amazon.com/images/I/618UHY-K+pL.jpg,675317,depth,69.0 millimetre,leapmars zommfaoin smmizlin ammligin gammilin libkg io4b
https://m.media-amazon.com/images/I/51DwjVJNNoL.jpg,329793,depth,21.0 centimetre,dg 21cm san
https://m.media-amazon.com/images/I/51T8JAr6VsL.jpg,734280,depth,28.5 centimetre,s cm 5 281
https://m.media-amazon.com/images/I/612hPRJW3jL.jpg,881883,depth,108.0 inch,how measure to width pole bracket anjee for better living 841n width pole 951n suggestion 521n 1081n wide 16361n please allow slight deviation a of 1 inch 1n of case measuring error floor
https://m.media-amazon.com/images/I/61B-rTITDaL.jpg,961155,depth,2.5 inch,packing list gcricc picg s 25inch hard drive enclosure scrisce 2577 eckicc stamnaeatie tooltree maddive sides cover enclosue series ce uscrmanual aieet packing 5 drive box 2 enclosure 2 user manual cable eva pad 5 data foam
https://m.media-amazon.com/images/I/51oKtxFGL0L.jpg,966823,depth,10.0 inch,5 in 127 cm 10 in 254 cm 4 in 101 cm
https://m.media-amazon.com/images/I/51SssIEHhVL.jpg,146860,depth,9.5 centimetre,5cm carses a 175cm 13cm 3ocm 5cm gcm 125cm 8cm
https://m.media-amazon.com/images/I/412hMOjbEmL.jpg,254590,depth,4.4 inch,decora alluninio orl in aluminium sueets dlalwnine hoas 44 in ces pu eloo asse 11 cm pea ccel uog des allosn cunne
https://m.media-amazon.com/images/I/51o4gQkQ9aL.jpg,514726,depth,20.0 inch,size chart in 14 in 20 designed 1 3x18 for loose fitl 199 12x16 14x toddler pillow travel pillow or
https://m.media-amazon.com/images/I/51VS9HUBpBL.jpg,358831,depth,1.06 inch,product size 1061 0391
https://m.media-amazon.com/images/I/614fQWV4ciS.jpg,630869,depth,80.0 millimetre,s a s s s s s s s ss s e 1omm 2omm 3omm 4omm somm gomm zomm somm mm inches
https://m.media-amazon.com/images/I/51CWmFleLGL.jpg,941818,depth,27.0 centimetre,dimensions suitable roll for most toilet paper gbinllocm 62inizzcm 3 10 31 gbinllocm 511in113cm 511in113cm
https://m.media-amazon.com/images/I/51VS9HUBpBL.jpg,358831,depth,1.06 inch,product size 1061 0391
https://m.media-amazon.com/images/I/61DiLVxBVbL.jpg,675317,depth,2.75 inch,door thicknesst 35 45 to mm 1318t0 13149 65mml 25181 4710119mml adjustable latch with 23180r 2314 60 zomml backset or
https://m.media-amazon.com/images/I/51N2V8Hem6L.jpg,156839,depth,19.0 centimetre,icmloainch 19cml ainch
https://m.media-amazon.com/images/I/41NRgWsF5EL.jpg,658892,depth,8.3 inch,83
https://m.media-amazon.com/images/I/614KSw47IvL.jpg,784538,depth,13.6 inch,13 61  31 3 421
https://m.media-amazon.com/images/I/516fOC29j+L.jpg,881883,depth,71.37 inch,155inches 4ocm d 71bzinches 181cm dimensions after hanging bainches he ee 6cm color differ depending which device viewing you re may on ons
https://m.media-amazon.com/images/I/51XTElvZ4PL.jpg,713791,depth,4.7 inch,12 47 in l cm on si 80 31 in l cm
https://m.media-amazon.com/images/I/615szmmtuhL.jpg,784538,depth,24.0 inch,24inch sum 16inch
https://m.media-amazon.com/images/I/61AWQHsV+XS.jpg,483370,depth,8.0 inch,gin 8in
https://m.media-amazon.com/images/I/414i+KmnbTL.jpg,764618,depth,15.0 centimetre,59inl 15cm 1l8inl3ocm
https://m.media-amazon.com/images/I/519LbAygXTL.jpg,323811,depth,105.0 millimetre,s t g 105mm 75mm 2omm
https://m.media-amazon.com/images/I/51QU6GSs88L.jpg,667819,depth,150.0 millimetre,60 50 zo 80 stainless 90 steel 10 100 20 30 40 15omm 150
https://m.media-amazon.com/images/I/41hVyZ-PKzL.jpg,681045,depth,150.0 millimetre,lsomm oiomm ssmm slmm oaomm isomm oiomm ssmm ssmm slmm slmm oiomm isomm isomm lsomm lsomm
https://m.media-amazon.com/images/I/61EktxCt3aL.jpg,752266,depth,7.7 inch,demensions solid base z zinch rotatable head s v e26 base shade baking paint plastic fixing ring 55 inch
https://m.media-amazon.com/images/I/61439+4VLxL.jpg,359286,depth,875.0 millimetre,875 mm siinia o 0 s
https://m.media-amazon.com/images/I/31F6d-5j00L.jpg,434825,depth,5.0 inch,511 51
https://m.media-amazon.com/images/I/51hSAmSDUUL.jpg,681445,depth,12.0 centimetre,20cm 12cm 15cm 14cm
https://m.media-amazon.com/images/I/617c6sRzhiL.jpg,300630,depth,12.0 inch,grafix mridia impress inking palette plastic inking sheets works with printing 4 techniques 005 inch plastic film block printing monoprinting pad 1 stamping gin 121n clear x 25 sheets hand painting grafixs inking palettes smooth are a nonporous disposable astic sneet that quick and p s easy o sheets use gummed al wo ends o prevent are curing when rolling with brayer they ns a are convenient and deal or tear easy clean up jusit he sheet trom the finished pad wnen and iscard transparent sable lays flat tear resistant economical
https://m.media-amazon.com/images/I/51r8saKObJL.jpg,130202,depth,30.0 centimetre,size s s 3ocml12 inch
https://m.media-amazon.com/images/I/611iMfdc3oL.jpg,992107,depth,495.0 millimetre,s te e 495mm1948in xsuitable for thickness o343cm book 10141181n applicable book size the to cover 210mm 29imm a4 x 1169in 1826 x
https://m.media-amazon.com/images/I/51qhxUpv0QL.jpg,530124,depth,10.0 inch,815 in 10 in
https://m.media-amazon.com/images/I/51jAWAyse2L.jpg,823083,height,19.5 centimetre,o  icmrisin
https://m.media-amazon.com/images/I/513hsqynHwL.jpg,838598,height,16.7 centimetre,sizer dragonfly approx 657in 16zcm l
https://m.media-amazon.com/images/I/6161hUSWpAL.jpg,468949,height,2.0 metre,bagnoyy 2m hohe qualitat uvs bestandig o 9 cm o 08 cm flexible langlebig griolsent anpassung lcm glasstarke 8 mm
https://m.media-amazon.com/images/I/615wTBV8I-L.jpg,901135,height,85.0 millimetre,ee windmill a  et 85 mm 24 eflt mm 35 me mm metane
https://m.media-amazon.com/images/I/517w+3VdPuL.jpg,916768,height,3.0 inch,hight 5 cm hight 3 inches neeos tr the r  sdas width 8 20 inches l cm
https://m.media-amazon.com/images/I/41iKGbXwI7L.jpg,752266,height,500.0 millimetre,37 omm emm 1 soomm
https://m.media-amazon.com/images/I/51yxd8kZ3-L.jpg,970563,height,30.0 centimetre,1213ocm sae 31518cm
https://m.media-amazon.com/images/I/41VSGrlRwgS.jpg,403664,height,10.5 centimetre,hoher 100 durchmesser 5 3 8 cm cm e 8 s
https://m.media-amazon.com/images/I/41VU78cbfbL.jpg,387046,height,20.0 inch,inches 42 24 inches 20 inches
https://m.media-amazon.com/images/I/610BflN7H0L.jpg,478357,height,25.1 inch,e1141n 154n 26 ain 25 1in power cable 6 5ft
https://m.media-amazon.com/images/I/51pfci0RTfL.jpg,589105,height,4.0 inch,warning ot sufocslet o avold denger lom keep hie waoper swey children la dies and sichermet crer zu vorzubelten um erstick ngspetahen v sie schutehulle fefn hailen cle tet sindem hren attention danger de surocaton pour cviter loul hors tenel emealage plasigue de cel entants la portte des attenzionel per pencolo dl soifocamento outere consenlle bambini non al al glocare plastica con ouesta guata o waarschuwingl moudt ce geze plasic zak uit duurt van dables iva en anderen mogelil verslsningegeal 10a peld
https://m.media-amazon.com/images/I/51N0OXX5liL.jpg,524117,height,16.0 centimetre,s 0 e a8in 17 25cm 9 1gcm 8ain
https://m.media-amazon.com/images/I/51R2Fj6vCsL.jpg,478357,height,75.0 centimetre,product size 38cm157 44cml1z61    side table condition style modern type brandnew material shape color white rectangle midf
https://m.media-amazon.com/images/I/51nlCEOkJLL.jpg,599317,height,10.0 centimetre,d 8cm g 150cm re aacm h ae 9 3cm 1ocm
https://m.media-amazon.com/images/I/61BQ5PY+ziL.jpg,640408,height,25.0 centimetre,22 660 ml oz i s s 184n147 cm inside width of handle g s 2251n157 cm diameter of mouth cup 29inlz5cm 292iniz5cm diameter of bottom cup
https://m.media-amazon.com/images/I/61FE1oSTXHL.jpg,483370,height,17.0 centimetre,size 17cm
https://m.media-amazon.com/images/I/61Dx0eKBHsL.jpg,830996,height,10.0 inch,cold the fridge kettle in cold drink the turn enjoy tap to on a  e reon eorat iltte ha itistns high capacity 35l costeffective outfit o
https://m.media-amazon.com/images/I/61ALQ0eVQwL.jpg,192915,height,11.4 centimetre,product dimensions n  b s 276inlicm
https://m.media-amazon.com/images/I/51bLRqq6poL.jpg,312608,height,60.75 inch,height 600 751 width 421 depth 81251 weight 16olbs 421 e 60751 8125 copyright ashley industries c furniture
https://m.media-amazon.com/images/I/51Idy6tB2IL.jpg,963595,height,10.0 centimetre,e 1o5cm
https://m.media-amazon.com/images/I/4111n7UTRLL.jpg,178778,height,4.13 inch,product size 13 105 44 in l cm 1102 in 28 i cm
https://m.media-amazon.com/images/I/61DD8wKwWzL.jpg,237000,height,50.0 centimetre,63x4528x1769 160x115x50cm cover foosball table
https://m.media-amazon.com/images/I/51l3gk++5hL.jpg,858439,height,45.0 centimetre,adjustable stainless steel poles over kneel no more bend down for sweeping l x 157cm 121cm 618in 4tbin 105cm amin 8cm 13 1in 45cm izzin
https://m.media-amazon.com/images/I/51JxHTOIjWL.jpg,416664,height,490.0 millimetre,cable 17 m 490 mm 160 mm included 270 mm
https://m.media-amazon.com/images/I/519Pg6vTHmL.jpg,752266,height,80.0 millimetre,natiz 1z6mm 1z5mm bomm
https://m.media-amazon.com/images/I/51-6kHisPYL.jpg,916768,height,6.3 centimetre,s y 20 cm cm 11
https://m.media-amazon.com/images/I/61B59-X1GoS.jpg,931856,height,23.6 inch,s 
https://m.media-amazon.com/images/I/51IAhuCY8JL.jpg,187993,height,40.0 centimetre,z cm turbo dx poweli ecanology woulinex e quickchef 100ow 8
https://m.media-amazon.com/images/I/5118W37r-hL.jpg,529606,height,3.8 centimetre,b8cm 2cm advent inch candles of 36 15 set 3 hours each candle burning time
https://m.media-amazon.com/images/I/51H0uzLPAAL.jpg,758128,height,79.0 inch,112 oo 915 o0 791 ceiling height 681 height wall 162 00 162 oo w x1351 51 68 x13 collapsedi s sides 5 ft 132 sq lbs 73 36 o0 oo 11 s 00 116
https://m.media-amazon.com/images/I/51Hsn004zbL.jpg,311997,height,21.8 centimetre,small color25x 18521 transparent 8cm 2story s 18 5cm 25cm
https://m.media-amazon.com/images/I/51DjfgkpNNL.jpg,916768,height,32.5 centimetre,gn 213 354 325 cm x 113 116 116 19 119 19
https://m.media-amazon.com/images/I/51RP9eozFkL.jpg,988675,height,1.1 inch,30 cm l in 1 14 28 cm l in 111
https://m.media-amazon.com/images/I/610nbAQqmwL.jpg,558832,height,15.0 centimetre,3oopcs total inu brand sealing tape remove liner to expc t  iocmibin
https://m.media-amazon.com/images/I/5160R-aNNZL.jpg,292475,height,2.4 inch,opcs zoz 8 oz normal capacity maximum capacity 43 in 24 in
https://m.media-amazon.com/images/I/81DDJMXavfL.jpg,459516,item_volume,4.0 fluid ounce,wild e natural oroanic sweetness vegetable glycerin with sugar no alcohol wild 8 premium organic quality liquid drops lions mane made thid vegan paty tstd usa utilizing vegetable glycerin by alcoholfree tinctures our alcoholfree 4 floz dietary supplement deliver naturally taste sweet a addition without of the sugar
https://m.media-amazon.com/images/I/71BM875VzSL.jpg,120569,item_volume,100.0 millilitre,wm umenitas mar lipotrop d k appetizer smen punntf uumenas tlred alien lipotrop atlh appetizer inss chiates u lon unction iunos booster ant oxidant sons a r hens 1ooml booster function antioxidant liver 8
https://m.media-amazon.com/images/I/71UPB8QjSbL.jpg,916768,item_volume,11.0 millilitre,portable convenience 3in l includedrat back ofthe container for also the set wax hidden ilml jar
https://m.media-amazon.com/images/I/61w3UZZsAlL.jpg,459516,item_volume,100.0 millilitre,nutritionpro huile de nigelle dethiopie habachiyal immunite santeo naturelle certifiee et pure froid pressee a ninon draes 10oml cus
https://m.media-amazon.com/images/I/51nlilm7AWL.jpg,369753,item_volume,15.0 millilitre,use instruction three soothing liting modes imporing importing fits facial soothing lifting mode to with and use cream ft be after cleansing face modes to separately use tightening mode to build natural massage vshaped face ne twice into ightening press mode entering z second starting mode later work massage soothing sooth facial skin mode to massage smooth fine lines ce press entering into tightening tus mode once massage 2 later starting mode second work mporting skin absorption mode to promote massage of facial mask and skin products care e turn the mask light the 2 seconds on screen starting vibration
https://m.media-amazon.com/images/I/71k-HrQnxwL.jpg,916768,item_volume,118.0 millilitre,89 in 226 cm cup 1 237 mly 113 65 in cup 165 cm 12 12 315 mly cup cup c18 mly c18 mly 2 in 51 cm
https://m.media-amazon.com/images/I/61hoWy-HKlL.jpg,916768,item_volume,500.0 millilitre,cleaning brush size matching excellent cleaning effect s 8 550 50oml 450 40oml 850 3ooml 250 20oml 6 g
https://m.media-amazon.com/images/I/51ffX-feHpL.jpg,459516,item_volume,30.0 millilitre,n e e igp mediventures igp s igp s immunok immunos or uned lummeric ashwagandha holy basil 30 ml
https://m.media-amazon.com/images/I/71azz+IWBIL.jpg,459516,item_volume,33.8 fluid ounce,orgono living silica oow bayed booster collagen t silicon supports joints and bonest 37510 greater absorption 2 silicon beautify to skin hair and nail 1l 338 fl qt oz 105 servings dietary supplement 66
https://m.media-amazon.com/images/I/caDEyEaRMCm.jpg,884560,item_volume,16.0 fluid ounce,Error downloading image from https://m.media-amazon.com/images/I/caDEyEaRMCm.jpg: 404 Client Error: Not Found for url: https://m.media-amazon.com/images/I/caDEyEaRMCm.jpg
https://m.media-amazon.com/images/I/612yl9IUIDL.jpg,120569,item_volume,946.0 millilitre,vetclassics tm petalyte oral electrolyte solution replaces from fluid lost vomiting diarrhea dehydration dogs available for through veterinarians weight net cats 8x only ozl fl 32 946 ml
https://m.media-amazon.com/images/I/81m6If+LMSL.jpg,459516,item_volume,200.0 millilitre,verzehr empfehlung taglich kapsel wasser 1 ml 200 mit essen dem vor verzehren biotanicas
https://m.media-amazon.com/images/I/61QehjLWPRL.jpg,916768,item_volume,350.0 millilitre,1200 ml 650 ml 10 cm 85 cm 350 ml cm 6 250 ml cm 5 s s 5 s
https://m.media-amazon.com/images/I/81F9XzYb+GL.jpg,281678,item_volume,1.0 litre,tea ice lemon portion per rsomlb kj 216 kcal 52 3 0lo 1oomlb per kcal 86k121 lipton do taste 10000 lemon refreshing ll water of ilo flavoured addto tea lce
https://m.media-amazon.com/images/I/61ZHfGgV6FL.jpg,557758,item_volume,100.0 millilitre,nutritional information per booml per tooml nrve serving 17kj 5okj energy energy akcal 12kcal fat og og of which saturates og og carbohydrate 10g og 35 of which sugars o2g 05g protein og og salt 019g 058g sneak focus 1951mgl tyrosine l 1500 mg caffeine 150 mg theanine l 100 mg choline bitartrate l 100 mg carnitine l 100 mg riboflavin 120 8500 lg pantothenic acid 750 12500 ug biotin 375 7500 lg sneak hydrate 9693mgl sodium 222 mg potassium 145 z00 mg calcium 59 z00 mg magnesium 51 1300 mg sneak drive ogomgl 1006 taurine mg 10300 825 vitamin c mg 1500 24 nicotinamide mg 210 1500 vitamin b6 lg 165 1500 thiamin lg 30 1500 folic acid hg 016 2400 vitamin b12 ug ingredients caffeiner sneak focus l tyrosine riboflavin choline lcarnitines calcium dpantothenater biotinl theanine bitartrate l sneak hydrate itrisodium chloride calcium citrates magnesium citrater potassium di phosphatell sneak drive l c niacin thiamin folic acid taurine vitamin vitamin b6 b121 maltodextrin regulator imalic acidl natural vitamin acidity flavour sweeteners sucraloser acesulfame colour spirulinal silicon dioxide kl allergens no allergens
https://m.media-amazon.com/images/I/61yodAKoBgL.jpg,884560,item_volume,100.0 millilitre,e depuis 1838 kmovr douceun dasperges nolre promesse sans conservateurn sans colorantz emballage recyclable       parportion nutriscore 25om8 de 655 kj c d e b a 156 kcal 3 80 pour 100 ml prepare portions nutri calcule pourioo ml score 262 kju 62 kcal portion knonn 2somi recommandee par
https://m.media-amazon.com/images/I/510QjpUaf0L.jpg,369753,item_volume,25.0 millilitre,tm balnnce formula actove sl 910 agreed skinis soothed niacinamide sheet mask soothing e clear calm with niacinamide soothes and clarifies blemished skin appearance reduces of blemishes refines skin tone and texture 1085 1x25 e ml fl oz
https://m.media-amazon.com/images/I/61+87N1kzNL.jpg,459516,item_volume,"[5.0, 7.0] millilitre",use best way to shake the bottle  before use zero tar and load the press dose ml till 57 zero tar day drink thrice a after meals your use it for 3 months for effective regularly results
https://m.media-amazon.com/images/I/81LDIG9q9gL.jpg,281678,item_volume,500.0 millilitre,frio mersmer olle batsren ssle aufgiessen kalt mebmer pfirsich eistee classis fa so d himbeere s ztrone skanz tea etstee pfirsich schwuntes mebmer ran neu c csss sa meimer d frio mersmer ohne sa kalorien ssn aufgiessen kalt ohne eye aore sport passionsfrucht niange kl lea cle dls esnanes akann mebmer h sekan neu cold akanr l n ohne e kalorien n ss 1ss fri no o frio meismer ohne kalorien kalt aufgiessen s o kalt doumet aufgiessen zitrone classic eistee tea johannsbeerezitone eistee zitrone mins schantee kanr teebeute re wassers 82 mebmer neu frio olne raoren kalt aufgiessen kionen classic zitrone eistee scwaziee te fur ie wantoriascn ro 1a teebeutel tae zcrone drinks fur kuhle heibe l tages
https://m.media-amazon.com/images/I/81dA+tnHuoL.jpg,884560,item_volume,250.0 millilitre,cream vegetable soup of creme legumes soupe de kmorr the is almost ready soup la pretel est presque soupe inalarge whisksoup mixwith 3 1 cups saucepan 1750 cold and i 1250 milk ml mli water cup nutrition nutritive facts valeur dans grande casserole fouet incorporer une au melange le a a 3 150 ml deau tasses soupe per 114 pouch 21 14 de sachet 21 g i pour g froide 1250 de lait about 250 prepared 250 preparel et tasse ml t ml l environ tasse ml cup 2 bring boil moderately high heat to a over mix preparedt amount dry prepariet teneur poudre whisking constanty calories calories 70 110 porter a ebulltion feu moderement eleve a en fouet remuant constamment 00 daily value 0o quotidienne au l valeur 3 lower heat partially and simmer the cover fat lipides 05 0o 3 0lo l gx for5 minutes igive and gently ita stir thenj now satures saturated i o g 5 0l0 o 0o trans makes 4 servings trans o g t baisser feus le partiellement laisser cholesterol cholesterol coumrir et l o mg mioter pendant 5 minutes remuer doucement sodium sodium 590 26 0o 25 0o mg fouet de donne autrej 4 portions temps a au carbohydrate glucides l 15 50 6 0o g wwwknortca for recipe ideas visit fibre fibres 400 0l0 l t g wwwoknortca pour des idees de visitez recettes sucres sugars 3 g made with carefully dried vegetables 9 protein proteines 2 g fresh vegetables and at knorr with herbs that start we are vitamin vitamine carefully dried and blended a a 800 8 00 specially were well on our farmers journey with ingredients responsibly to grow our vitamin c l vitamine c 600 0o 6 through knorr sustainability partnership learn our more calcium calcium 200 2 0o about wwwknorrca progress at our seches legumes contient 9 avec soin iron fer 00 4 0o knorr frais dherbes utilise melange special de legumes et un amount melange in dry mix teneur du sec fait secher quelle soin nous travaillons de concert avec avec as tel prepared with 200 milk prepare du lait 2 0o que avec agriculteurs ingredients de facon responsable les a cultiver nos dans le cadre de durabilite de knorr en savoir du programme ingredients corn starch wheat flour dried vegetables potatoes onions corn plus wwwknorrca progres sur nos au broccolit ingredients carrotst peast red bell pepper leeks modified milk corn syrup solids maltodextrin hydrolyzed soy protein onions salt sunflower oil low fat d garlic powder dried parsley yeast disodium guanylate guar gum extract trans free fat disodium inosinate potato starch spice natural flavour contains milk soy sulphites wheat faible gras en ingredientsh farnedeble legumesseches amidonde mais oignonsk pommesdet terrer sans gras trans s mais brocolr substanceslateres modifees carottest poist poivroni rouger poireauxi trademark owned or used oy extrats secs des sirop de mais sel maltodextrine proteine de soja hydrolysee huilede under license by marque tournesol seche poudres doignont et dail persil gomme de guar extraitde levure de commerce detenue ou guanylate epice disodique inosinatei disodique amidonde pommede terre aromei naturel sous licence contient utilisee pari ble l lait soja sulfites unilewen  imported by importe par i ingredients sustainably ingredients cultives de facon durable grown unilever canada ontario toronto m4w 3r2 s 18777756677 unilever www ca best consomme if used byimeilleur si avant
https://m.media-amazon.com/images/I/71I8cwj8qAL.jpg,369753,item_volume,2.7 fluid ounce, e e 1000 natural spa formula paradream bamboo charcoal flozisoml 27 green tea chamomilla acid hyaluronic
https://m.media-amazon.com/images/I/61USsjr5cuL.jpg,459516,item_volume,240.0 millilitre,lu luls c uol juol jugl jusl lu jucz 0z naturallhealth bens e prostate healer soothes painful urinationt maintains healtha prostate restores functiont sexual 24oml bflozy dietary supplement
https://m.media-amazon.com/images/I/71qG7jRYTsS.jpg,254449,item_volume,300.0 millilitre,naturliche pullulan kapsel die premium schweizer kapseln naturlicher fermentation aus statt chemischer herstellung hpmci bis boomal besserer luftbarriereschuiz zu fur langlebige vitamine mineralien 8 socisty non sloten certified ko halal gmo m jils project approved saes oro vegan erified
https://m.media-amazon.com/images/I/81Uh694nwFL.jpg,884560,item_volume,500.0 millilitre,broya fed grass 100 broth broya bone dos bouillon 8 parsley nic beef biologique cumin boeuf de cumin et persil ne broth ml 500 bouillon dos turmeric 8 ginger chicken broya curcuma et gingembre de 5ooml poulet biologique helps support broya e broth los healthy r ken ent de fed poulet grass 1000 bro bone digestion dos bouillon 8 beef tomato paprika smoked boeuf de fume paprika et tomate ml 500
https://m.media-amazon.com/images/I/91Mf7nAbHrL.jpg,916768,item_volume,473.0 millilitre,s ps coe t nssss l s ses  esn s win  pl z o sjohnson a family company small heol iad ziploc round wnn lids n containers wn twislon containers bpa  free brand  b s n s s sn s dishwasher  leak resistant s utiliser lid microwave snns ess ssig nsn frezer f i pt 143 mli t containers p lids
https://m.media-amazon.com/images/I/71Vd7CW1DyL.jpg,961822,item_volume,5.9 fluid ounce, s zevo ta onibody tick mosquito t repellent odorless sticky not 8 protection hour t feel good protection venancios entire for the family shop venancios shop hgfloz
https://m.media-amazon.com/images/I/91XXhEsqQlL.jpg,281678,item_volume,2.0 quart,easy to prepare directions refreshing for 2 quarts iced tea 2 l 3 5 min cups cold cool brew pour 8 5 minutes sweeten to taste cups dunking add 2 bags frequently and enjoyi stir ice water tea over refrigerated then bags keep tea remove traditional directions brewing for of refreshing 2 quarts teai boiling and sweeten pour 8 2 bags brew 3to 5 minutes water tea cups ouer meal with iced enjoy family lipton chill add tea your taste ice to or
https://m.media-amazon.com/images/I/71+Vx9wvvfS.jpg,225091,item_volume,62.0 cubic inch,eco friendly fleae tick collar surglam powerful 8 natural formula protection adjustable waterproof 8x 8 one size fits all dogs months safe ecofriendly 8 62cml2ain lengtht
https://m.media-amazon.com/images/I/61VDEVv5YaL.jpg,459516,item_volume,8.0 fluid ounce,same new trusted look formula solaray solaray 1875 est supplement dietary liquid cran actin dmannose dmannose 400 mg with cran actin liquid health urinary tract urinary tract healthf bacterial antiadherence lab l 8fl oz 236 ml detary supplement ved 8fl oz 236 ml
https://m.media-amazon.com/images/I/61ejd-1ktwL.jpg,459516,item_volume,100.0 pint,nahrungserganzungsmite plantbased ingredients biotiva organic 1001 lit certified qua redien e st hericium vitalpilz hericium erinaceus bio organie wod pulver polvo i polvere i t puder proszek powder poudre poeder
https://m.media-amazon.com/images/I/61IjRZyxw6L.jpg,557758,item_volume,355.0 millilitre,s crush crush crush crush crush ciush lime lime lime lime lime lime
https://m.media-amazon.com/images/I/71wZXgdTR3L.jpg,254449,item_volume,"[6.0, 10.0] fluid ounce",suggested uses facts t supplement mix t daily 610 as dietary with of scoop a oz water healthcare professional directed by as your or testedt third party idv nonegmot 500 2omng glutenefreet roa warning for healthy individuals 18 and older consult healthcare years a nazo calorie diet professional prior if nursing taking medication to pregnant use you are or natural emacer eo have medical condition keep of reach of children do if out not or a use slia iv safety seal is broken missing or notice store in contents weight volume cool dry place sold by not a are some settling may occur ly the food mlen and nhended diagnose lo made and quality tested in the usa with globally sourced ingredients distributed by nutricostr ss 351 e 1750 n vineyard 84059 ut s 866 4380 3694 supportanutricost com wwwnutricosticom 10014 67587 9
https://m.media-amazon.com/images/I/81OJBlL+M8L.jpg,916768,item_volume,1040.0 millilitre,piece set 24 containers lids f e 104oml 350z 63omle 210z bzoml 120z e eu 8ooml 270z 52oml 1750z 32omle 110z s 9zomll320z 640ml2150z 4oomle 1350z
https://m.media-amazon.com/images/I/81wYFdHUBKL.jpg,961822,item_volume,110.0 litre,end of life indicator to always keep moths bay at 125 s s
https://m.media-amazon.com/images/I/718SdfkOTyL.jpg,459516,item_volume,1.4 millilitre,supplement facts dry herb menstruum ratio 13 84 serving 14 ml servings about sizer l odv amount per serving turmeric root 120 mg curcuma longal 10 black pepper fruit mg extract value dv established daily not other ingredients certified organic distilled vegetable glycerin water does contain alcohol sugar not use suggested shake before add using two 2 full of the dropper bulb squeezes to 2 of water juice 2 times daily oz or or directed healthcare professional by your as caution ilf pregnant nursing you are or taking medications consult with any your before healthcare provider use do not freezes store from heat and light away of children keep out the reach of nongmo vegan ingredients soufatin made in an s fda gmp aoo8 registered facility the statements on this product have not been evaluated by the food and drug this product administrattion is not diagnoses int ended to treat cure prevent or any disease
https://m.media-amazon.com/images/I/91joKmQRA8L.jpg,487566,item_weight,1.0 kilogram,kgx recycled of cotton 1 to saves up pet 250 135 of years friendly drinking showers water guia la de roma antigua k1 kg 22 lb e
https://m.media-amazon.com/images/I/61C-1lrrPYL.jpg,308856,item_weight,20 kilogram,tailoramade nutrition with irresistible taste fish ocean flavour adult 1t yeors the vital system whiskas on loed ladea co sod le earoles quantity 20 kg dedon oot net
https://m.media-amazon.com/images/I/71GwtHkDv9L.jpg,192132,item_weight,1.3 kilogram,17in 45cm ttetistst   15cm 591in t 225cm inl 885 scmo5inl 12cmloazin 22cmobsin weight13kg
https://m.media-amazon.com/images/I/71AYisAdveL.jpg,459516,item_weight,70.0 milligram,choose a sachet pra boost vitality supplement for men take strip a place on tongue disintegrating orally strips 70 stripl mg per dissolve let it
https://m.media-amazon.com/images/I/81mUT7Ez1BL.jpg,375816,item_weight,0.85 ounce,suggested brew size ristretton espresso lungo ristretto 0185 oz espresso 135 oz lungo oz 37 2021 starbucks corporation all rights reserved
https://m.media-amazon.com/images/I/71c+Ot0lO5L.jpg,628971,item_weight,383 gram,opene ealtab to pull tm mpossibie chicken nuggets made from plants go6 16g umg less protein saturated cholesterol fat than perserving the leading chicken nuggets 129 total fatper serving contains no animal products perishable 8b309l keep frozen oz 135 net wt
https://m.media-amazon.com/images/I/71TDrAkjwVL.jpg,375816,item_weight,100.0 gram,h 100 z natural araku boomi instant makes to up 52 coffee cups 6f oz 1000 roast medium arabica balanced smooth 8 net wt lioogl 35 oz
https://m.media-amazon.com/images/I/61weKHw85sL.jpg,731432,item_weight,1 gram,endurance 8 musclebulding performance strength 8 amplifier endurance and improve muscle function with doses of max 32g 25g lg betaalanine betaine taurine
https://m.media-amazon.com/images/I/61P8Y9aeUOL.jpg,459516,item_weight,100 gram,100 weight net g batch no mig date exp date mrp lind ot all laxes mid ltd ayurved by patanjali unitl d38 industrial area handwar 249401 uttarakhand mig lic no uttrayull7z007 manager for leedback care consumer and the complaints write to pacdarha palanjali vill park ayurved herbal lid 8 patanjali food laksar road haridwar2a9a0a uttarakhandi eedbacapatanialauve org customer 18001804108 bes care toll free non sd inbhaw for sale in made indian subcontinent only non paanbal products alsoo vallable aro onine a winn panjallyuned net consume within 30 days opened once
https://m.media-amazon.com/images/I/61A81V159gL.jpg,329793,item_weight,3.6 ounce,detall knife full 7871 length 2ocm calimee blade handle 3381 449 length length 86cm 114cm handle blade 0471 008w thickness thickness 12cm o22cm oz outdoor 36 oz edc
https://m.media-amazon.com/images/I/612lSk6D3nL.jpg,267482,item_weight,8 ounce,india ssilt halal jas sisn haa irdis villy bio halal organic india bio snulorg list juls certification belleve in hisi organic jyl pure lcox inecienls dead sea salt sallt seal original dead customer nanlaturg manufactured and produced ca dodress accordance with islamic mll in cseaia has pem sic cal c guidance fatld nen hars hia cusone car detils rogidralycm rehydrates and powerfully mandisaleycon nourishes roots elzns 1006 pure ee 10000 vegan csn quality incredible premium sa natural 1o00 le w 2agb oz ve n nca 250g18 e oz
https://m.media-amazon.com/images/I/71m-cn0ZeaL.jpg,750220,item_weight,1.0 pound,good no sulfur source df potassium dioxide shredded unsweetened coconut plont based superfood plant based added no nutrition facts no is perfect onc have good balance just cacel ngcolcees crieoe 180 calories superfod sugar ccore to stat caed eod dnees c suncodnen lod go ves crolee ner rad conlsse vs assg net we 1lb high great in manganese taste dary free keto enatwral free dairy gluten friendly vegan fnee free 10ok dainy
https://m.media-amazon.com/images/I/61-W7dvo8oL.jpg,993359,item_weight,100 gram,assorted you get may packaging caps organic 10000 certified organic 10000 certified 100g 100g or pure tree pure tree wholed cloves wholed laung cloves rich in antioxidant laung health promotes oral rich in antioxidant health promotes oral
https://m.media-amazon.com/images/I/61G-1TUMStL.jpg,639090,item_weight,10.0 gram,cocomelon g y c e e e 5
https://m.media-amazon.com/images/I/61Z-sklKEIL.jpg,237000,item_weight,0.6 kilogram,315 8ocml 315 315 8ocml 8ocml product information colori weighte black o 6okg t sizeilwhy package liste 8ox8ox8ocm 1x garden furniture cover 315x315x7 314 sinch 1x storage bag
https://m.media-amazon.com/images/I/81loXXaacAL.jpg,397856,item_weight,1000.0 microgram,each sublingual chaque comprime sublingual contient tablet containsi s b12 vitamin b12 vitamine imethylcobalaminl 1000 imethylcobalaminel 000 mcg mcg nonmedicinal ingredientst ingredients medicinaux lactose lactose non monohydrate microcrystalline monohydrate microcristalline cellulose cellulose stearate sodium vegetable grade sodique de croscarmellose croscarmellose magnesium lubrifianty magnesium lubricanty dorigine vegetale stearate recommended methylcobala usage recommande methylcobala la purposer form of b12 forme de vitamine b12 min the active is easily mine active la est more absorbed and facilement assimilee lorganisme the body stays in longer plus et par while forms dautres other such cyanocobalamin reste plus iongtemps alors que as y methylcobalamin b12 must be converted in formes de telles cyanocobala to la que helps maintain etre methylco the mine doivent converties twostep process en a bodys ability metabolize nutrients balamine deux to and a etapes processus par un b12 capacite prevent vitamin deficiency helps aide a maintenir de lorganisme in la metabolism blood formation metaboliser prevenir red cell les nutriments et a a energy and function a factor vitamine b12 contribue normal immune in la carence en au renergie metabolisme a formation normal growth and development and in the de la of globules fonctionnement maintenance good health des et rouges au contribue du systeme immunitaire normal recommended dosage adultsh dissolve developpement bon a croissance la au nor l tablet daily under the directed tongue or as maintien di sante male et une bonne au physician keep of children by out reach of a recommandee ladultesy dose laisser s for product freshness protect fondre comprime jour l la langue par sous ou and heat humidity from recommandations dun medecin suivre les conserver hors de portee des enfants la garder frais et au au sec pour fraicheur preserver la
https://m.media-amazon.com/images/I/71ERx--8tDL.jpg,881883,item_weight,240.0 gram,fiber 240g polyester printing bd
https://m.media-amazon.com/images/I/71Eszh9j23L.jpg,630869,item_weight,32.0 gram,bracelets medical alert easy are to set wear and use ups stainless materialk steel 117zinch dial 45mm lengthi sgsces dial widthi 19mm l o75inch o weightbzg l 1130z  applicable wrist dimension s 1771 45 l mm 19 5 7 681 l cm depade 079 2cm l tips the size of the product is measured manually and be subject marginal to may error
https://m.media-amazon.com/images/I/61drJM6-mtL.jpg,299791,item_weight,11.0 gram,informazioni prodotto sul fore vet inches 1 lo s ve 86 o inches materialis ciondoli in lega lucidatura processo intarsio e e lunghezza catena 242 es peso 119 e
https://m.media-amazon.com/images/I/61BOmwxiQSL.jpg,208023,item_weight,223.0 gram,novita stampa altissima definizione nuovo prodotto superficie specchio a perche sposerd ti ramazizotti eros lucida 018 s codice ae spotify s1l personalizzato
https://m.media-amazon.com/images/I/61j98HrCePL.jpg,281678,item_weight,50.0 gram,sl sgalsc coe cd de se  nouveaus newh l aonnail to me sulen mleadend dy uer tua so scws r mmig ahd courary unotlo loroon ceftue peach c orange twinings peche et orange london open here ouvrir ici l fullflavoured enjoyment for caffeinerfree naturally delice enjoy hot rempli de pour un saveurs or icedi naturellement cafeine sans a deguster chaude ou glacee aromatisee tisane herbal tea flavoured t sealed for freshness individual bags tea 20 50 g fraicheur de individuellement plus emballes sachets pour
https://m.media-amazon.com/images/I/618Y-gX9edL.jpg,375816,item_weight,2 gram,arabica 1ool coffee smooth rich country make cole ike colfe home u bean wale i mos brdsha inaslle goa n roa aundd mo caltot eaen tis tonon i mes mothoe i noe te nu utabao box inal flavour n olttn coffee instant arabica s 100 sachets x15 2g
https://m.media-amazon.com/images/I/71uKjXwsCYL.jpg,145452,item_weight,14.46 ounce,buzio buzio buzio buzo size 32 32 tumbler 40 64 87 1280z oz oz oz oz oz mouth 164 4331 c 2 d d diameter width 544 751 54 92 224 31 2 38 44 44 927 61 bottom diameter height bottle 661 10391 10391 9841 12207 63 81 10 wlo capj weight 1446 1676 16 58 3052 3545 59 97oz oz oz oz oz oz wlo capl s accessories
https://m.media-amazon.com/images/I/81Gz0+uq6vL.jpg,609802,item_weight,17.0 pound,size reference all stepin below of customers in the weather mesh harness some our are please these reference always measure note that photos for only be to pet when sizing for harness are sure your a xs xs xs xs xs chihuahual talian greyhound maltese chihuahua 6 house cat 6 ibsl house cat 11 ibs ibsi yorkie mix 6 9 ibsy ibj s s s s s pinscher miniature mini poodle mix house cat 115 ibsl 9 peakapoo ibsl maltipoo 11 ibsi 6 ibsi 125 ibsi m m m m m miniature chihuahua mix german shorthaired husky puppy 9 ibsi daschund 12 ibsy schanuzer 14 ibsl 14 ibsi 14 pointer ibsi miniature schnauzer daschund boston terrier pug 19 yorkie 15 ibs mix ibsi retriever mix 197 16 ibsj 15 ibst ibsi xl xl xl xl miniature poodle saint pyrenees retriever mix beagle 20 12 25 30 ibsi ibsi ibsi ibsi
https://m.media-amazon.com/images/I/71j0FmVb-lL.jpg,311997,item_weight,195.0 gram,24cmx31 cm 2zcmx35cm 21cmxzecm 195g 230g 135g
https://m.media-amazon.com/images/I/813v1oPt8kL.jpg,558374,item_weight,690 gram,us chlon chloriey s i chiormint with herbasol proprietary ayurvedic medicine breath freshener c contains imgl oogl peppermint tailam 232 pudina saiva dia sugar mg mg base kss approved flavour approved colour 1331 ins 1o2 ins mfg lic no 1129 ayur dosage 24 candies iday or as and when required xpiry 12 months from manufacture nhen stored n cool condimions c dry net weight 610g mrp s 15000 uincl of all taxesie mfde s 1105155041 batch apr15 nok manufactured under licence of perfew perfen van melle spas daly for van melle india pvi lid registered delcl office azu milestoned jaipur highway manesar 220s0 indusiries gurgaon royes crds by luimited 21 28 medchal soi aod r for r distric telangana staten feedback complainis conitac manager consumer care cell at registered office a7th slesione delhi japur highway manesar 22050 gurgaon cgrd or tou osi or email free no boo 11 consumercareain ptmgrp com wihout ofleding he ner weight ocosionally ihe brear podkoge conlon moy wropper s cevoid oi proua ono hose morkeloble do e perfe ellttt s aulu s oul uloind ig uuss
https://m.media-amazon.com/images/I/61Zxm7qMtxL.jpg,487566,item_weight,1.0 ton,lolliboky off get 500 buy any 2 off get 1000 buy any 33 get off 1510 buy any 5 only applies to ipack swaddles
https://m.media-amazon.com/images/I/71ulljERRzL.jpg,630390,item_weight,2.0 pound,81 is0 whey protein isolate whey protein lich protein added susar ko creamy the 908 30 g life whey of 2018 hazeunut nougad flavor
https://m.media-amazon.com/images/I/91q91lFqShL.jpg,529606,item_weight,623 gram,yankee candle passion for fragrance christmas magic magle de noel pure natural extracts net wt 829
https://m.media-amazon.com/images/I/81LSWtpMEyL.jpg,487566,item_weight,25811.0 ton,s t c joe tce 12 s uss p z 10 117 12 months weel gift best mowm new for babies new born xl
https://m.media-amazon.com/images/I/41lQhgz7jwL.jpg,639090,item_weight,100.0 gram,pro 100g pro stuck energie 2360 378 kj kj kj kcal 564 kcal 90 kcal fett 310 50 g q davon gesattigte fettsauren 158 259 g kohlehydrate 6229 99g 478a 994 davon zucker eiweil 829 159 salz 0044 05a
https://m.media-amazon.com/images/I/816q2NsFMxL.jpg,442321,item_weight,80.0 kilogram,80 kg coserie stabile konstruktion die kratzfeste beschichtung dicken der 15mm tischplatte ist wasserabweisend und pflegeleicht die tischbeine pulverbeschichtete und das stahlgestell sind besonders stabil bis und 80 kg zu belastbar durch die verstellbaren drehknopfe kannst ausgleichen erhaltst du unebenheiten im boden und dadurch zusatzlich einen festen und sicheren stand
https://m.media-amazon.com/images/I/71s8v4CEchL.jpg,929999,item_weight,38 pound,c bg lbs  jo lbs apacsspon apacsho
https://m.media-amazon.com/images/I/61Zf0HbJWaL.jpg,308856,item_weight,500 gram,drools secais romon usa absolute drools milk absolute milk ooneleuel absolutely deliciousl milk dha replacer added puppies for weeks 8 newborn development and growth probiotic optimum prebiotics bor with pudles digestion healthy newborn minerals 8 weeks vitamins with net enriched vits wt 500g
https://m.media-amazon.com/images/I/61eNJ60rPSL.jpg,731432,item_weight,1000.0 milligram,s g m a s m e times sigma acv keto acv max keto other gummies brands ma 10oomg dosage 5oomg usa manufactured china gumm 3rd tested party weight managemien vegan supports dig organic detox 8x clea 6011201180 30160 iooomg supply gummies package gummy gummies dietary 60 supplement options
https://m.media-amazon.com/images/I/91nZRBD0rzS.jpg,178958,maximum_weight_recommendation,125 kilogram,125 kg bench load capacity d c c c
https://m.media-amazon.com/images/I/81l7rtllEuL.jpg,120219,maximum_weight_recommendation,13.0 ton,multiple combination 2t2 use rows for deep narrow drawer to261 s 13 9 multiple combination use small 1t3 rowsl drawer for 1311 181
https://m.media-amazon.com/images/I/61oxhLxHJAL.jpg,801829,maximum_weight_recommendation,105 kilogram,cellbell calfisto 42 64 height sustainability 52ft 6ft a de cm cm s sustainability weight 105 kgs 50 106 b ee cm cm ce 50 f 4862 cm cm  a e b f
https://m.media-amazon.com/images/I/71f+HGMAuYL.jpg,120219,maximum_weight_recommendation,400.0 gram,neddo car trunk organizer specifications accessories storage opeah shinxro hendal polyester polyester 400 gsm thread webbing felt
https://m.media-amazon.com/images/I/613vDp6SVGL.jpg,150913,maximum_weight_recommendation,25 kilogram,woosh stroller 3 cosatto suitable from birth 25k9 4 d to years approx concertina viewing onehand fold window keep compact to with onehand tabs lock auto your passenger on cup upfioot doubletiered holder hood for ultimate shading s removable bumper bar exquisite detailing including pockets and bell magic a cosato extra large basket allround for smooth ride suspension a
https://m.media-amazon.com/images/I/6197cNt3K1L.jpg,751532,maximum_weight_recommendation,400 pound,twin size 89 x761 recommended mattress sizer 4114 629 7834 39961 ibs t00 capacity
https://m.media-amazon.com/images/I/71ZWHUvAtHL.jpg,120219,maximum_weight_recommendation,201.0 gram,ortex merek arnedio ca
https://m.media-amazon.com/images/I/81sZPY-rrrL.jpg,933453,maximum_weight_recommendation,120 pound,rearfacing forwardfacing harness harness 440 2265 lb ib for three children recline positions least at evenflo 2 old years emonlo higheback noback booster booster evenila 40120 40120 lb lb for children for children least least at at old old 4 a years years modes years seat 10 t 4 children for 4120 lb
https://m.media-amazon.com/images/I/81EYZkYzgtL.jpg,801829,maximum_weight_recommendation,275 pound,adjustable lumbar fabric upholstered support 275lb heightadjustable quick assembly arms weight capacity
https://m.media-amazon.com/images/I/81WpHVocFKL.jpg,120219,maximum_weight_recommendation,160.0 gram,product dimension le15cm weacm he15cm weight 16ogr 0 rar e
https://m.media-amazon.com/images/I/61Z5wMKfjbL.jpg,221399,maximum_weight_recommendation,150 kilogram,style washable hanging cotton swing ihula capapcity weight 150kg material washable salien premium sustainable fabric features washablecompact l portable foldable 8 quality branded 100 00 quality
https://m.media-amazon.com/images/I/51A+Tp2-MvL.jpg,933453,maximum_weight_recommendation,3.5 kilogram,trio s r nania 650 440 mm mm 35 kg
https://m.media-amazon.com/images/I/51P4yI-NvvL.jpg,178958,maximum_weight_recommendation,11.0 pound,65in 45o7in 25in 472in 472in 472in s 472in 111bs 472in 748in 748in 11021n 11021n
https://m.media-amazon.com/images/I/71wcyfQxdBL.jpg,969033,maximum_weight_recommendation,40 pound,on the size name size for crate suggested dog weight floor up to 40 ibs 30x20x25 inch mecrate 76x51x6 cm upto 60 ibs 35x23x25 inch lacrate 81x58x6 cm 65 upto ibs 36x27x25 inch 11x68x6 cm up to 85 ibs x27x25 inch 41 xlcrate 104x68x6 cm 90 ibs upto 44x32x25 inch xl x 112x81 x6 cm 100 up to ibs 47x29x25 inch xxlicrate 120x74x6 cm up to 120 ibs 50x36x25 inch xxl 127x71 x6 cm
https://m.media-amazon.com/images/I/71233JpM+bL.jpg,120219,maximum_weight_recommendation,5.0 kilogram,stylish and bagrinbagl easy carrys to dd double a a4 laptops paper loadbearing smartphones ipad 5kg g portable mice power tilung world science music players water cup card holder umbrella stationery bag notebooks dnbiboic calculator
https://m.media-amazon.com/images/I/61aw2QimqBL.jpg,171418,maximum_weight_recommendation,50 kilogram,1988 en dimensions rested en14988 2017 upto safety months 6 50 kgs certified years 5 to rlor rabbl rlo pabon 70 cms 94 cms cms 47 52 cms 75 cms 60 cms
https://m.media-amazon.com/images/I/61-OOEiqhwL.jpg,801829,maximum_weight_recommendation,150 kilogram,termite proof durable dust water proof proof capacity to up 150 kgs spider web design inspired maintenance gas moulding corrosion light weight strong proof legs for free steady support
https://m.media-amazon.com/images/I/71gxObv6iDL.jpg,801829,maximum_weight_recommendation,265 pound,us why choose others our crack easy stable to firm e load capacity 265lb 20olb only waterproof waterproof not
https://m.media-amazon.com/images/I/61lT39o5V0L.jpg,221399,maximum_weight_recommendation,100 kilogram,shaper eco dshape friendly product weight holding capacityi 100 kgs materiall cotton with sturdy ropes frame features ecofriendly skin 8 friendly quality of high 10000 natural 8 quality
https://m.media-amazon.com/images/I/61WyVfI3-oL.jpg,704724,maximum_weight_recommendation,100 kilogram,each product dimensions 100 kg max user weight 461 ve raach 241 61 ii
https://m.media-amazon.com/images/I/51Qaj2rzMkL.jpg,462757,maximum_weight_recommendation,130 kilogram,highlighits zohp en ohp dc motor 6 peak 13okg maximum user weight 16kmph te s speed range durafit
https://m.media-amazon.com/images/I/71FiIPwu3rL.jpg,150913,maximum_weight_recommendation,35 pound,lets compare pivot evenflo anthem wonderfold w2 keenz 7s veer xplore 150 ibs 110 ibs 150 ibs 120 ibs 200 ibs weight limit 35 45 32 347 ibs ibs ibs ibs product weight 33 ibs recline mode x x parent cup holder x child cup holder x x child tray e s x x xl full coverage canopies x x onestep fold accepts infant car seat x391 dimensions 371 2151 x251 3051 19u 1651 34 x3461 x1g1 371 x207 x251 45 x27 x x x folded 411 254 151 4ou x231 191 30751 x127 371 x207 x14 371 x271 x231 x x x dimensions
https://m.media-amazon.com/images/I/71tOczT+KUL.jpg,969033,maximum_weight_recommendation,100 pound,sizes available l 24 x181 x8 best for pets 25 ibs to up xl 321 x24 xe1 best for pets 35 to ibs up xxl 361 x28 x81 best for pets 55 to ibs up xxxl 431 li x33 x8 best for 100 pets to ibs up
https://m.media-amazon.com/images/I/81ae4Ju3wPL.jpg,751532,maximum_weight_recommendation,660 pound,sturdy materials durably crafted with steel tubing and quality with the base wood for support legs durable tubing steel quality wood 660 lbs weight capacity
https://m.media-amazon.com/images/I/61sdGQ6FkVL.jpg,120219,maximum_weight_recommendation,22.0 pound,syenye heavy duty lod 22lbs max to up
https://m.media-amazon.com/images/I/710kOV-Bm-L.jpg,120219,maximum_weight_recommendation,290.0 gram,1000 weightizzog eco usomersatisaion guarantee friendly carabiner adjustable length straps leather edging s 6 1181 thickened mesh 15500 seat bottom bottom plate steel hook front steel hook
https://m.media-amazon.com/images/I/7198e8ql2bL.jpg,801829,maximum_weight_recommendation,120 kilogram,parts high quality nylon base easily withstand weight upto120 kg nylon castor wheels heavy duty class gas lift with cover 4 soft padded 8 fixed rest arm
https://m.media-amazon.com/images/I/71eOhcFU5JL.jpg,488883,maximum_weight_recommendation,400 pound,maximum weight capacity 400 lbs e i lg 15inib8cm 15ini38cm 15inch s get can you 1xlid 2 ixbase ixfolding panel 3 15inch
https://m.media-amazon.com/images/I/81d1z0Mpg9L.jpg,120219,maximum_weight_recommendation,18.0 kilogram,horudd rrp boned or s76 saa ce v l bu sul nheuser heusers 18kg capacity load wont drop
https://m.media-amazon.com/images/I/71iRJQR4PsL.jpg,969033,maximum_weight_recommendation,85.0 pound,for medium dog up ibs to 35 medium for large dog up to ibs 45 large for xlarge dog upto ibs 65 xlarge for xxlarge dog up to ibs 85 xxlarge
https://m.media-amazon.com/images/I/619GTLxFWVS.jpg,801829,maximum_weight_recommendation,300.0 pound,maximum weight3o0 pounds ju 165 ju 24 j 165 ji 185 ii 175 i 195 25
https://m.media-amazon.com/images/I/71BE7ki-J+L.jpg,704724,maximum_weight_recommendation,100 kilogram,specifications height vertical resistance adjustment knob cushioned cushioned handle grip seat kg lcd maximum user weight monitor 100 kg belt drive pedal system straps
https://m.media-amazon.com/images/I/71-DRruLMHL.jpg,120219,maximum_weight_recommendation,20.0 pound,removable drilling bearing waterproof no strong detachable sus304 towel 10000 stainless steel bar fast draining hollow design 3 strong load capacity 20 lbs to up ua removable durable hooks installation 8 needed 4 easy no tools
https://m.media-amazon.com/images/I/71DIxTZi8ZS.jpg,120219,maximum_weight_recommendation,15.0 pound,effort time and save loadbearing strong glue super 4 zin 128in tin 35 drills no no nails ain wall protect the t 15lb 4 zin 15lb 122in bzin adhesion large areastronger bearing stable large capacitymore tin 53in 35
https://m.media-amazon.com/images/I/714n8hnSrDL.jpg,801829,maximum_weight_recommendation,380 pound,380 uv lbs waterprooe resistant 3724 228 124 661 771
https://m.media-amazon.com/images/I/71Ecc5cyWYL.jpg,179080,voltage,48.0 volt,750w geared hub motor 48v 6oah 1200w 28tmph speed 7 peak max speed shimano power gearing
https://m.media-amazon.com/images/I/61fsn7HckoL.jpg,271537,voltage,12.0 volt,a ss se sann dnal ann congla addan dnadn ase cs dndn dnnd
https://m.media-amazon.com/images/I/71IW6BBpoLL.jpg,179080,voltage,48.0 volt,48v22 aah xocsod large battery lithium capacity smlas e overchargerotection overvoltagerotection overreleaserotection charge control ces overcurrentrotection gs equilibrium function temperaturerotection shortcircuitrotection
https://m.media-amazon.com/images/I/61UGyk6-YBL.jpg,641642,voltage,2.0 volt,omil oml sllli blliap olar blira hent henr aien nenr
https://m.media-amazon.com/images/I/61T6t4mJf7L.jpg,752266,voltage,240.0 volt,elz rasln ee scs m minisun ldon led bulb 3w ham o dd ma an ams uu dmomy ww rnn momah u u led g9 light bulb
https://m.media-amazon.com/images/I/61LOMP3wjXL.jpg,501250,voltage,220.0 volt,product parameter information 18cm locm 15cm name material area area 1025m2 ptc desktop heater nylon flamea retardant t abs material color scenscenario rated power white ink green 65owli0oow home office rated rated voltage weight frequency o8kg ac22ov 50j6ohz
https://m.media-amazon.com/images/I/51nGGMEA1EL.jpg,986984,voltage,"[100.0, 240.0] volt",s 6     o  s   s o  s
https://m.media-amazon.com/images/I/6137V9yR5ES.jpg,179080,voltage,50.4 volt,motor introduction diy a c d b e motor model g3211000c 215 94mm mm pina 15389mm pinb 68110omm pinc rated wi 1000 power 1741191mm pin d rated voltageve 50 4v 5961756mm pin e rated efficiency 2750 tests 8 certifications 116a noload current waterproofi ipx5 rated l27a current certificatione rohs en14766 uli l noload speedt 162t10rpm ien14764 rated speed 132t8rpm 2oc45c outdoor temperaturess rated torque z5nm relative humiditys 15950rh maximum torquer j16onm salt test standard hi 96 spray chain ring 46t function axis speed sensing sensor speed pedalithrottle assisti yes noise idby ebrakei 555 yes
https://m.media-amazon.com/images/I/61fqkKfVDDL.jpg,641642,voltage,12.0 volt,it 2 how to use installation the b in groove by clip a an include in the product s fix the clip by a screw put the clip into the groove light fix the strip fix the light driver you need for the light a included product in the driver dc 12v 15a power uchpoer ae tncocin 12v ed hlcn ce dc the product has input a
https://m.media-amazon.com/images/I/71oOizJNIlL.jpg,983323,voltage,6.8 volt,1830 22 225 ssa7 g76126sb 7116 7116gbs vo 65 5 va ssoc 81xc gpu gpu s sl issse 9 15a8e 96 zee 8 d c cpu sss cpu slx 8 89 z 2a88 2 zaag cpu ss1 cpu 4396 55 s 2aas cpu ss 522 3s8 cpu 2186 5ax cpu 49 s cpu 2a81 sex cpu so b cpu e 2488 cpu ss cpu 2at cpu b cpu 2a85 cpu cpu aas cpu 50 96 cpu ee z  vran br vran 0 8 ral cs b s ic a8 ram aos bail 8 bo 5687 fan fsr zs ab vkded ar 2a tae  team after before use use 17117148 17al08s 711649f1666 60 vos stll6gf1666 17619 16 630c 1169f1666 vos 816 784c vo 6 e gpu 81 814c seb 64 1399k gpu gpu 3 l 7 bbbl 7 laban 67c 186 88c aerty 58 829e cpu cpu derture 19h 5 lu erture s 3a51 8108 cpu b s 30a7z 3osa 818w 381 cpus 290 cpus 3016 3188 30 s cpu 30166 b 151 x 2866 cpun 39 cpu boba cpus au 3190 agizes 1ak 44 aah cpus cpue cpur boid basl 856 s cpu 31 0 13 k cpus cpur s 18 29 314zkz cpus 36 16 43 cpus bo16n cpus cpus la 324l 3101 aa aa 270 cpus cpus boaonz cpus 966 9 vram k 16 166 bus 786n cpus cpus gus b 8 ran 897 49 k l 896 es 3zz cpu cpus 1948 bail boesz gb a86 8 dand 3 vram cpu 618 saan 6b oed fan gib 8 d 3 gb 5 od vram ram fsr o gaa 5 7 5 ze 16 2a8 got 51 vulkan bait s ram doal 320 tine 28 ining be bait oda se 53631 line reeamng fan 739r of fan fsr dfe 166 1 zes 6ofps 16 minutes minutesan fps 6d 10 ls 8os pins before ls use oana the drop maximum temperature the test in game o 15 than is more
https://m.media-amazon.com/images/I/81TsCoMjjhL.jpg,752266,voltage,1.2 volt,s s s e s f s  s i s g n e  9 s s e t g a e oo f s s t s s e s s e s  s s s d g s
https://m.media-amazon.com/images/I/814RQvzAWJL.jpg,140266,voltage,20.0 volt,nie noneis light c chins ce aquarium s vado off fginoonglso  auto dczov 2an voltaro suart d lodle inout gg
https://m.media-amazon.com/images/I/61IasPKdUUL.jpg,271537,voltage,7.4 volt,technische daten tilp technik kompetenz t batterielaufzeit max 60 min battery runtime max batteriekapazitat mah 4000 capacity 74 vi36a battery leistungsaufnahme max 27 watt power max fordermenge max 3600 vh flow rate max eintauchtiefe max 3m immersion depth max ladedauer 45h charging time poolgrobe ms 50 pool size filterleistung 100 um filtration performance gewicht bruttol 38 kg ca weight igross
https://m.media-amazon.com/images/I/81DwTHefZ8L.jpg,752266,voltage,"[220.0, 240.0] volt",sentasi brands lamp celling led model skcl boof energy 2aw led cngasnatgicnoal booo 650ok skclsooit 220 240v soygohz z60 soooo hrs b tesmongreh ulos ec rep ortollien era ceocecces zioro haneny gormany sziesstze erad ecetechtls ccnghadulic e ulean blorcidgestrees oldoorr uk rep atsaeeem etosg f emiat ouchoudonoha motockcem llananciig g sunes lighting tecinology ltd chossias arasocs ben ausinn eactcoss ud con scuecet chra part anoroeion cs suarecca ecyrco d  24 ua ce fc kwhlioooh co made in china
https://m.media-amazon.com/images/I/61LzJOrfhkS.jpg,271537,voltage,"[220.0, 230.0] volt",iuromats 101151202300 hz sobo sr max bja 16 max bar 17 max c 66 ce 1p65 calpeda inaly made
https://m.media-amazon.com/images/I/71fqYj58PUL.jpg,648011,voltage,"[220.0, 240.0] volt",ann o an snnt philips personal hue less wire lighting color and white ambiance guio s nt masts st sakn iaon snsens snss t  sns 350 philips sna hue ses sos ns a color and white ssse sssa s sses with worrs sne alexa c saa wonkswith google ok hotoapo mlingooge oue coamless ur philips s s 40ook a lumen 350 270ok n a lumen 230 80 e crii l9of 6500k s 200ok led sne a3w 043 50160hz 220240v 9
https://m.media-amazon.com/images/I/91gVDHhWFbS.jpg,752266,voltage,40.0 volt,ase pis philips compacc site lusurs 40w clear effects incandescent for best use bulb philips compac slire 40w cl ear mdiplcon philips bulb included e27 this light with effects for reflection install ceiling close to wall or
https://m.media-amazon.com/images/I/61aTBe5Qf+L.jpg,860821,voltage,"[110.0, 240.0] volt",specifications sizer 6 airflows 402 duct inch cfm ca 62w 50 noise 32 db power t speed 3000 iio240v rpm voltager ac fan sodacrames 6 e 26 8 12 5 124 cord lengtht 4 9 ft cord 82ft power fan controller lengtht to
https://m.media-amazon.com/images/I/715qJ1Xr3tL.jpg,752266,voltage,"[110.0, 120.0] volt",9scmlizzin detailed information us listed intertek 3ocm 118in m not included blub voltage 10v120v t white color temperature 27ook warm mdvansensior pir clear glass 10000 aluminum standard e26 socket
https://m.media-amazon.com/images/I/61lX5rcGMnL.jpg,752266,voltage,240.0 volt,installation easy zobomm 5omm 95mm zobomm transformer required into no put the light the hole hole the ceiling completed cut in directlyto ac24ov installation connect a
https://m.media-amazon.com/images/I/718IvW0MJ-L.jpg,983323,voltage,120.0 volt,specifications  muclt 957l 125l 149l v ks 3 73w dimensionst 14gl 323h 3000 x415w motor rpms sizet voltst 120v consumptiont 31w power 60 aarranty 6 months frequency hz
https://m.media-amazon.com/images/I/71JrGDtAxtL.jpg,271537,voltage,12.0 volt,arne xtla3210 onlage owermaxa ssurel wmaxl imaxlimpa s mustorm s s s ez complete s
https://m.media-amazon.com/images/I/51MOTjuWAbL.jpg,271537,voltage,"[3.5, 9.0] volt",usb1020 dci359v 18w hmaxoa15m qmaxzoolih cautionread the instruction carefully before using made china in
https://m.media-amazon.com/images/I/71B8orw6S3L.jpg,752266,voltage,0.6 volt,6500k super bright clo 3xto nesn s024s boolsov iec stozwd ee cc stozw ooisoov sxn dimm batso1 nzooen c 2600 lumen 180 adjustable stand 42 leds super bright high efficiency and saving energy
https://m.media-amazon.com/images/I/819iD1yyHgL.jpg,746096,voltage,5.0 volt,olggson spp remote ir in video in fo e audiolr usb soo ma maa usb sw soo max ma hom in spps a s01216001 so cablea usb learciarci opticali rs 2320 antenna 9o so digital ma max s lan fa remote homi in audio oul dolby dolly vision dolby atmo dolby audio andthe coubled s trademarks ofodolly laboratories are manuactred unoe dense tom doldy aboratones for dits patents htpelipatents ols scc con
https://m.media-amazon.com/images/I/61H3LougGeL.jpg,709627,voltage,7.4 volt,perfect size baofeng lion battery 74v 3boomahl28 12wh modelibles use specified baofeng charger only the danage or placedin the fire night explode do not shortcircuit do not disassemble bacfengelegctronco lio 5 leenot 9 4 2 14 zs 1
https://m.media-amazon.com/images/I/71EbVFk-iyL.jpg,179080,voltage,36.0 volt,fafrees e co pes p 36v18ah 250 w motor akku shimanos 4 f20 pro 0 gokm 25 kmlh 1p54 wasserdicht elektrischer modus geschwindigkeit o 150kg faltbares belastbarkeit rahmendesign tus fafrees
https://m.media-amazon.com/images/I/71qnOeq3MnL.jpg,306956,voltage,0.6 volt,temperature control switche freedom control cooking time to min sooisoov xo tsmm zhones designe twotier grilled fried the the layer is lower layer is upper
https://m.media-amazon.com/images/I/71BJqwVw0gL.jpg,648011,voltage,120.0 volt,ca eyecomfort dimmable flicker no humt no philips gradable phlups sans papillotement sans bourdonnement dimmable led del gradable daylight lumiere du jour 5oooki led philips 50w replacement remplacement 55w shows natural led del colours l cri 90 montre les couleurs naturelles irc 90 philips indoor parzo flood par20 a faisceau large gnt oupus dinterieur see 500 flux enerse solage siee umineus o detales 120 detals lumens energy sur rension e used voet vols cunere energle was ite consommee 25 ooo duree de vie hours heures
https://m.media-amazon.com/images/I/81hxo-m27eL.jpg,641642,voltage,5.0 volt,1p65 waterproof 5 x c f d cstu se cut and attach maark clean the surface tear along
https://m.media-amazon.com/images/I/71UgP5ecB5L.jpg,271537,voltage,24.0 volt,automatic powerl selas light siar fa  e   automatia s s  when e the water s e pressure is t00 low and waong the e s s s automatic  mode e cannot operate normally s s s please switch s to the s sellistaring soconds mode s s ts s e i s i s s d  l i  b g e 6  s d s 6 s s e permanent s 5 s magnet dc e  g s e o s booster    s pump  s  b 5  i mt2425100p  e h e  e   0 0 e g s s 9 s voltage s den i protection oe classiss g 8 s s rate dcaza aurent insulation dlass h fluid temperatures oosc outlet diaismm sace vs
https://m.media-amazon.com/images/I/61Eln8U+G9L.jpg,186035,voltage,12.0 volt,ac dc2 s hous ook dc cos svs ms 12vnoa aas usb dci pd gon inpul dc 12v2av s302 12v 3a3 20vigoow max 56
https://m.media-amazon.com/images/I/81rPRyMts-L.jpg,267182,voltage,12.0 volt,multiple choose modes to from max eco cooling fast energy saving warn eco oer warm dg cold caution eco ma ommcrecote catdigcooce lced ind ecereragesintotemin nerc insmn ccncenlorsnes ogaense cloca rontkeepsntos warrn cmecilung conalccce dn decen miodetmfaiole urs ds cied sn nleries ce to caietd eaees s ooln
https://m.media-amazon.com/images/I/81QU50gwNUL.jpg,179080,voltage,36.0 volt,eyrcrcke ry assist s durable aluminum ebmx frame secure release 36v 250w l electric motor integrated flushmount 36v 104 battery ah t with and lock key
https://m.media-amazon.com/images/I/51oD-FAggcL.jpg,709627,voltage,1.5 volt,aaz bpl usb rechargeable warranty battery aa l year mah sv 1ooo s g  s  i e s  i  e s
https://m.media-amazon.com/images/I/61BrCr00RbL.jpg,641642,wattage,1000.0 watt,e27 holder chandelier waterproof lamp included bulb not c e 0 5m 10d e21 ip54 5ocm 3ocm 25cm 25cm collegabile altri su con 10om pari 100ow a recommended led s14 buld
https://m.media-amazon.com/images/I/91AOQ-XaT4L.jpg,752266,wattage,30.0 watt,ceiling led light ecirep tesmert gmoh warningene address do not touch or approach combustible materials 12 reinbeker weg erst obergeschoss warnungidee 21029 hamburg germany beruhren oder nahern sie sich brennbaren materialien tel 149 1521 6651254 avertissementiere mail schauvaagmx de ne toucher pas approcher materiaux combustibles ou des awertimentolite product led ceiling lightdeckenleuchte name non toccare awicinarsi materiali combustibil o a voltager 110130v gohze 220240v 5ohza advertenciaese wattager 30w manufacturer no tocar ni materiales combustibles acercarse a jiangmen pengjiang aizhia photoelectric technology co ltd addresst 505 room floor 5 college students entrepreneurship and employment incubation base no g chaolian avenue iccee 20 pengijiang district jiangmen city tels 186 16602950103 pap mailt zcd ybsaoutlook com made china in
https://m.media-amazon.com/images/I/71RYnyvGx1L.jpg,955292,wattage,120.0 watt,extensive compatibility usb usb c female male to converter e fn delete oa max 120w enter return  120w max keyboard usb mouse game console flash drive o camera printer disk hard projector
https://m.media-amazon.com/images/I/71aiiioQAAL.jpg,752266,wattage,100.0 watt,umolimis height 121 10 o8 230 341 400 335 232 016 348 359 544 736 552 04 s g 02 928 745 410 425 752 850 395 440 485 530 575 620 665 710 755 800 369 742 355 c1000 ppfd map 558 555 power draws 100 watt 331 226 283 338 412 92bumollmfls high ppdfs 2x2ft in grow tent test a 2ft gocm height 141 umolimfis 181 umolimis height 288 380 298 386 377 411 391 412 430 419 422 550 613 542 431 413 431 451 438 422 s s s s 443 626 459 498 455 768 638 465 505 550 416 546 535 422 403 436 445 430 615 413 378 292 382 406 380 282 408 422 403 370 2ft gocm 2ft gocml
https://m.media-amazon.com/images/I/81TxDtK1ztL.jpg,179080,wattage,250.0 watt,s s  ss e s 5 e op
https://m.media-amazon.com/images/I/713YtTGT--S.jpg,318770,wattage,2.0 watt,mode different different experience p212w extended mirror mode mode synchronized different two two display screens screens screens suitable for and sharing display workentertanment
https://m.media-amazon.com/images/I/71OKzP48JpL.jpg,318770,wattage,60.0 watt,usbec xyhnz to usbec gow fast charging cable charging s up to a8ombis transfer speed antlabrasion nylon braided material up to 60w fast charge
https://m.media-amazon.com/images/I/71pJNlAzg8L.jpg,752266,wattage,100.0 watt,bright flood light super 100w 8ooolm 6500k
https://m.media-amazon.com/images/I/71JrydC-GvL.jpg,318770,wattage,240.0 watt,charge your macbook flash in a fully charge your macbook pro 16 up to 2h delete up 24ow to supports macbook pro 16 10ow pd
https://m.media-amazon.com/images/I/71UZUvWl2VL.jpg,318770,wattage,2300.0 watt,hozvu ce 25 15 mmz m 2300w maxi  co in ref 110345 e871380 12m0253 le debflex
https://m.media-amazon.com/images/I/71OvkFobjTS.jpg,318770,wattage,18.0 watt,support fast charging es 3omin charging pd 500 l standardcharge 200 included a18w usb c pd charger is needed not
https://m.media-amazon.com/images/I/61AD3hhgwRL.jpg,752266,wattage,6.0 watt,w acm e 8cm 17cm
https://m.media-amazon.com/images/I/61iR2+DN2vL.jpg,746096,wattage,50.0 watt,bravia fernseher vergleich 2022 a8ok x9ok x85k modell l bildschirm 559 l 65 75 504 55 65 75 185 435 50 55 65 751 l 85 l l l l l l l sonn on xir xir bild co full artau oled kontrast led xr xr triluminds farbe ein triluminos triluminos eo do acoustic acoustic xbalanced surface multiaudio speaker audiot klang bildschirm als lautsprecher ow ow sow bpss ja ja penek nur playstationts einlosen einlosen 5 filme s5 filme zum zum bravia 12 monate unbegrenztes 12 monate unbegrenztes core streaming streaming hey google hey google hey google sprachsteuerung freinandige spracnsteuering
https://m.media-amazon.com/images/I/612blo+TdmL.jpg,318770,wattage,100.0 watt,s   brioe wine boe 81k skebohz viceo outpun 40 ransm sson speld oon pd loow
https://m.media-amazon.com/images/I/71lag2DRsNL.jpg,179080,wattage,250.0 watt,powerful efficient x system riding 250w 20 bspeed mpa shimano gearing direct drive geared motor top speed
https://m.media-amazon.com/images/I/61rfSV5U3xL.jpg,318770,wattage,100.0 watt,taias s s honyos doasihecon oumnd usbec to usbec
https://m.media-amazon.com/images/I/71UrrHz3yXL.jpg,318770,wattage,27.0 watt,supports 2zw power delivery 35min 8000 phone 1314 800 charged n noter usb c pd is neededinot included charger
https://m.media-amazon.com/images/I/71zzbWwTY4L.jpg,752266,wattage,150.0 watt,2 wattages switchable 200w easy the suitable during installation to select wattage 150w different brightness demands to satisfy 150w 20ow 2250olm boooolm
https://m.media-amazon.com/images/I/715hJOfBUOL.jpg,641642,wattage,24.0 watt,ss s s g 9448a 9448a 3m 3m double doublo cotec coatec led input light del signoa del onssul pilos ignon onssl plo maxzaw 12vdc v8336 v8tt6
https://m.media-amazon.com/images/I/71Sok4S9uVL.jpg,752266,wattage,60.0 watt,3light vanity lighting fixtures e e d highquality gow max 120v antirust
https://m.media-amazon.com/images/I/61ZWLbkfdGL.jpg,955292,wattage,3.0 watt,e e skis aates s 2 s esc s p ca tad lock caps shift r itue
https://m.media-amazon.com/images/I/51dXQshOCAL.jpg,318770,wattage,100.0 watt,typec 3 gen2 1 cable o ss hss logbps 4k emarker 10ow aka6ohz transfer data fast charging chip design
https://m.media-amazon.com/images/I/719rKIJHZvL.jpg,318770,wattage,240.0 watt,in transfer files seconds charging yet fast 2vga ereny e ge t fee a 1g s kto achieve 240w fast charging gnozce aenet tngen cot cos d for devices res your botnn recommended work cone ooiaosae with pd31 charger coroon rusae cncorcoa sress te based internal data testing actual results on may vary
https://m.media-amazon.com/images/I/81tpKG4WIzL.jpg,276700,wattage,45.1 watt,whats differencet the transfer angle to true get angle true miter cut or 130 single angle cut 140 s wis x onioff esip zero tight dee gem wad red soo1 82305 digital angle finder mpo1 digital miter protractor saw
https://m.media-amazon.com/images/I/71YEZgg2+TL.jpg,318770,wattage,18.0 watt,ll nl chargng fast ce ersens seusa how to fast charged original wall charger computer usb port of phone your fast charging requires original adapter or qc adapter samsung galaxy s20is20tis20 ultral note 101 qc afc requires protocol charger a 18w usb usb c with a the origina charger is pd fast charging with 25 w porti port a a a
https://m.media-amazon.com/images/I/71eLqzLioDL.jpg,318770,wattage,100.0 watt,saving rapid charging time 2h time lh saux ipad jsaux 100w other 18w k
https://m.media-amazon.com/images/I/61+Ok63RnvL.jpg,892291,wattage,20.0 watt,2usbizpd holes to meet the charging 4 of multiple needs devices speed 990o up pozow qc30 vle oradki pd2ow qc charge aoaen d tnsntomloves ocn wnsnasn odescohppon g vunswnso d s socupro vang s ncaoouncun r s iooos ie
https://m.media-amazon.com/images/I/71-RCxmx8jL.jpg,412008,wattage,2400.0 watt,original part number g466240own
https://m.media-amazon.com/images/I/61KzQznZq6L.jpg,318770,wattage,240.0 watt,240w charging super fast
https://m.media-amazon.com/images/I/61iPPiH3B6L.jpg,892291,wattage,88300.0 watt,s  s i s e   s s d
https://m.media-amazon.com/images/I/71XS7bTu0xL.jpg,124643,wattage,30.0 watt,steps of ozone generator working gcncrator orono oonn not do enter step step step step 2 3 i make human and piease waitt for 8060 to ciose all pets slire turn timing switch doorsand windows needto leave mins before the youget howlong toset andthen backand connect when the the open room want to you open machine is wonking doorswindows the powersocket the generator ozone
https://m.media-amazon.com/images/I/51T5Y1mHAoS.jpg,318770,wattage,100.0 watt,s s
https://m.media-amazon.com/images/I/61mM7nC1MeL.jpg,955292,wattage,0.75 watt,garlinkit u2w plus with carplay upgrade ne original carplay car wired to wireless carplay plugeplay nonfinductive connection faster connection suppon ota upgrade continue he operation of the original cars buttons knobs mic etc huizhou nunlian technology co lid tel 400 930 3035 web carlinkit www com name wred lo wreless usb acapter model cpc2oo uzw plus power dcisv ozsw connectivity wifd 802 mablginiac zaghz sghz dimensionsiweight boxaoriemmisag 3is1b1o5 inchilzoz opcrating temp oc 6oc i s2flaof suppon phone phone 6 ios 10 support car builtein carplayuse ce fc a rohs fcc oznz caczoo cmurt dzozoapianig bunloot ood bowe r 21o taaaa ccaralezoton 972186 s60oto
https://m.media-amazon.com/images/I/61c5GzloD-L.jpg,957050,wattage,15.0 watt,on bsm ealrs tit aafn eohe coatatae ne n ualen spotify nan netflix tb soan lonnoo
https://m.media-amazon.com/images/I/71Sq852ZVZL.jpg,892291,wattage,3.0 watt,universal compatibility smipeuptounlock 1017 s ok rads nteess sas s asn is ok pot nsn non asnsees ntn phone mode for sher sase eor masae
https://m.media-amazon.com/images/I/51B-mBrEfmL.jpg,949192,width,64.0 centimetre,64 cm 45 cm cm 225 10 mm vollmaterial 90 cm 80 cm 8 mm vollmaterial stabil freistehend robust
https://m.media-amazon.com/images/I/51-mvdOIoqS.jpg,648011,width,13.0 millimetre,78mm 13mm 118mm 13mm
https://m.media-amazon.com/images/I/51OIagHsGLL.jpg,521194,width,105.0 millimetre,mini 2023 nuary 6 friday filofax hany 2023 on week two pages diary english 7 saturday see reverse ior diary layout 8 sunday price code cb uk onlyl ref 2368121 petrotea aon 5 0s9145161766 neles oo reer scatarea oeed ref 2368121 made in uk whito papcr bogsm e print black bluo shecets 6a sizes iosmm czmm x 84273 57286 z wwwflofax com
https://m.media-amazon.com/images/I/51eOmzIAUZL.jpg,146860,width,4.0 centimetre,73cm2 8tin 108cm4251n acm15tin
https://m.media-amazon.com/images/I/510Zf2peXgL.jpg,392533,width,3.0 foot,3 11k 26 4
https://m.media-amazon.com/images/I/51O7zWZdgVL.jpg,966823,width,16.0 centimetre, 63in 22 scml886in 16cml s 19cmli48n 5cml531l1 134
https://m.media-amazon.com/images/I/61EvKrDrzmL.jpg,119607,width,20.0 centimetre,kstrong durable 8 s plate iron e  predrilled holes ben hanging for easy l seretof the omnitrin 2ocm zgin t
https://m.media-amazon.com/images/I/51beSMu2ivS.jpg,758128,width,3.0 metre,2m 3m
https://m.media-amazon.com/images/I/41r4SpZtveL.jpg,358831,width,7.0 centimetre,soocmligzin total length zcml28in
https://m.media-amazon.com/images/I/51ku56CucSL.jpg,347320,width,3.0 centimetre,3cml18in t ss s
https://m.media-amazon.com/images/I/61CLe9kIN7L.jpg,311997,width,49.6 inch,o 171 24 arketipo borzalino 171 4961 aa 20lb paint size shelves antirust charcoal burning 20lb large
https://m.media-amazon.com/images/I/61Bv5+rR-fS.jpg,416664,width,11.0 centimetre,n s press and hold the key for 3 seconds onioff to turn click the key adjust to the z colors oyo col ssea 431 l 11cm microusb design charging
https://m.media-amazon.com/images/I/617Ne3CPxqL.jpg,347404,width,20.5 centimetre,616cm o h c  2 2oscm 81
https://m.media-amazon.com/images/I/51-wqywJEaL.jpg,403664,width,5.0 inch,8cml3 1in s s e 14cml5 5in
https://m.media-amazon.com/images/I/51xwelVfExL.jpg,470067,width,53.0 millimetre,lzomm s 1obmm s s a2mm ssmm s e 83mm
https://m.media-amazon.com/images/I/51BNB2Xf9dL.jpg,119607,width,55.0 centimetre,18cm zin lnes ah 55cm 211n s
https://m.media-amazon.com/images/I/611o0GuhTKL.jpg,849273,width,66.0 millimetre,gimm gomm sunnyisfe gimm sunnyiffe sunutfe suma c mini mni ing bint cofornoone foraavic euersfeen bag botersn safe battery fornmein for wint 1pc 2pc ilt aaein enatie 3pc uiak ggmm lemm gomm izmm liomm lomm sungyisfe sunnyies sor wanc foruavic mani mini formavic mini ipcs battery 2pcs battery bpcs battery for for for
https://m.media-amazon.com/images/I/51WZII2FZ+L.jpg,292475,width,8.0 centimetre,37 cm 32 in 32 8cm in l pb stackable dishwasher microwave handmade lead free safe safe and lf have bougt but later have broken of bow ls set contact you a one your us you purchase bowl complete again to set can one your
https://m.media-amazon.com/images/I/611r8r+u1UL.jpg,725436,width,6.35 millimetre,112 july infrared receiving window 635mm headphone jack function knob display screen s msal caod 44mm balanced headphone jack optical input rca output bluetooth input high resolution usb dac eoco opical tes eca con sb ial outpud onputs inoo2aov ac usb input trs balanced output ac power input ac100240v coaxial input
https://m.media-amazon.com/images/I/515hLgtEGWL.jpg,783898,width,5.0 centimetre,s scm zcm
https://m.media-amazon.com/images/I/51s5SaVOZWL.jpg,752266,width,10.0 inch,led led 3 ceiling lights spot jahre d ane garantie lifespan 301 000 hour incl ip axmax 5aw gu10 20 ax led gu10 220240v ac 50160 hz
https://m.media-amazon.com/images/I/61AxhMJnfdL.jpg,292475,width,18.0 centimetre,acm iacm 5cm 1zam 5 scm 1cm gcm ocm lscrn 6 5cm
https://m.media-amazon.com/images/I/51fukpgF3YL.jpg,149159,width,40.0 centimetre,eistthins tebal taz lzcm aocm 28 cm
https://m.media-amazon.com/images/I/41F9p9WL7BL.jpg,126471,width,90.0 centimetre,75 hohe cm 35 cm 90 cm 35 cm seitenflugel betteinlage seitenflugel
https://m.media-amazon.com/images/I/51UsXuOgh7L.jpg,576154,width,25.0 centimetre,masterclass 25cm 10 l s 35cm 14 l
https://m.media-amazon.com/images/I/6147BkwKaTL.jpg,752266,width,25.6 inch,we provide services customize to chandelier hanging style as 4 h98 if please contact us necessary 61 d 25
https://m.media-amazon.com/images/I/51C5fHrqsIL.jpg,237000,width,60.0 centimetre,2439 in in 1220 160100 cm cm 3050 34 in 810 cm 12 in 30 cm
https://m.media-amazon.com/images/I/51rOI4bvgkL.jpg,150535,width,4.13 inch,o791 4131
https://m.media-amazon.com/images/I/51FEtt00KSL.jpg,449805,width,75.0 centimetre,extra large standard s s nawurehike naturehike 75cm 85cm s s bag bag 29cm 31cm
https://m.media-amazon.com/images/I/51V8+LytHaL.jpg,558806,width,6.5 inch,65 inch ae 2023 un e corthatel
https://m.media-amazon.com/images/I/51fJ3jcQQTL.jpg,478357,width,24.1 centimetre,951241cm m design 22021 559cm 9511 241cm
https://m.media-amazon.com/images/I/51rlXPd+cSL.jpg,826444,width,11.5 centimetre,cueo 8115 cm
https://m.media-amazon.com/images/I/51KJErs3DGL.jpg,430434,width,73.0 millimetre,73mm 106mm se s
https://m.media-amazon.com/images/I/5118frbbQXS.jpg,931247,width,90.0 centimetre,90 cm 50 cm e n
https://m.media-amazon.com/images/I/614yUXjWSJL.jpg,205842,width,9.0 inch,hanging board cm118 9 lengthi 48 inches widthr 24 cml9 45 inches kgi2 2 weighti ibs 1 imi tation leather 3lcmlias6inches sorai stainless steel outfitaalum i alloy num bscmllbsinches iscmlsdinches
